cpu,memory,suspicious_path
916.1,0.0,0
28.0,0.0,0
0.0,0.43,0
0.0,0.77,0
0.0,0.0,1
0.0,2.91,0
0.0,0.0,0
0.0,1.8,0
0.0,0.08,0
0.0,0.03,0
0.0,0.07,0
0.0,0.01,0
0.0,0.05,0
0.0,0.03,0
0.0,0.01,0
0.0,0.01,0
0.0,0.09,0
0.0,0.0,0
0.0,0.18,0
0.0,0.05,0
0.0,0.04,0
0.0,0.18,0
0.0,0.27,0
0.0,0.01,0
0.0,0.0,0
0.0,0.03,0
0.0,0.19,0
0.0,0.04,0
0.0,0.03,0
0.0,0.51,0
0.0,0.0,0
0.0,0.01,0
0.0,0.01,0
0.0,0.03,0
0.0,0.06,0
0.0,0.08,0
0.0,0.03,0
0.0,0.02,0
0.0,0.01,0
0.0,0.07,0
0.0,0.13,0
0.0,0.04,0
0.0,0.01,0
0.0,0.08,0
0.0,0.01,0
0.0,0.0,0
0.0,0.11,0
0.0,0.16,0
0.0,0.07,0
0.0,0.06,0
0.0,0.0,0
0.0,0.05,0
0.0,0.23,0
0.0,0.1,0
0.0,0.0,0
0.0,0.04,0
0.0,0.01,0
0.0,0.01,0
0.0,0.02,0
0.0,0.0,0
0.0,0.0,0
0.0,0.11,0
0.0,0.05,0
0.0,0.0,0
0.0,0.03,0
0.0,0.01,0
0.0,0.06,0
0.0,0.01,0
0.0,0.55,0
0.0,0.11,0
0.0,0.07,0
0.0,0.01,0
0.0,0.91,1
0.0,0.05,0
0.0,0.01,0
0.0,0.01,0
0.0,0.27,0
0.0,0.01,0
0.0,0.01,0
0.0,0.03,0
0.0,0.01,0
0.0,0.06,0
0.0,0.02,0
0.0,0.14,0
0.0,0.03,0
0.0,0.02,0
0.0,0.03,0
0.0,0.01,0
0.0,0.03,0
0.0,0.02,0
0.0,0.01,0
0.0,0.06,0
0.0,0.08,0
0.0,0.0,0
0.0,0.16,0
0.0,0.01,0
0.0,0.01,0
0.0,0.01,0
0.0,0.22,0
0.0,0.15,0
0.0,0.02,0
0.0,0.01,0
0.0,0.02,0
0.0,0.11,0
0.0,0.04,0
0.0,0.02,0
0.0,0.03,0
0.0,0.04,0
0.0,0.0,0
0.0,0.18,0
0.0,0.06,0
0.0,0.06,0
0.0,0.04,0
0.0,0.0,0
0.0,0.03,0
0.0,0.0,0
0.0,0.2,0
0.0,0.07,0
0.0,0.0,0
0.0,0.01,0
0.0,0.31,0
0.0,0.01,0
0.0,0.01,0
0.0,0.05,0
0.0,0.17,0
0.0,0.0,0
0.0,0.14,0
0.0,0.01,0
0.0,0.02,0
0.0,0.01,0
0.0,2.42,0
0.0,0.12,0
79.1,0.58,0
0.0,0.11,1
0.0,0.0,0
0.0,0.01,0
0.0,0.4,0
0.0,0.08,0
0.0,0.01,0
0.0,0.22,0
0.0,0.02,0
0.0,0.06,0
0.0,0.02,0
0.0,0.05,0
0.0,0.2,0
0.0,0.16,0
0.0,0.38,0
0.0,0.16,0
0.0,0.29,0
0.0,0.33,0
0.0,0.2,0
0.0,0.05,0
0.0,0.0,0
0.0,0.23,0
0.0,0.01,0
0.0,0.01,0
0.0,0.03,0
0.0,0.22,0
0.0,0.03,0
0.0,0.29,0
0.0,0.47,0
112.8,3.93,0
0.0,0.05,0
0.0,0.02,0
0.0,0.11,0
0.0,0.07,0
0.0,0.03,0
0.0,0.07,0
0.0,0.07,0
0.0,0.06,0
0.0,0.11,0
28.5,0.17,0
0.0,0.11,0
0.0,0.26,0
0.0,0.14,0
0.0,0.58,0
0.0,0.07,0
0.0,0.01,0
0.0,0.05,0
0.0,0.33,0
0.0,0.01,0
0.0,0.02,0
0.0,0.8,0
0.0,0.0,0
0.0,0.1,0
0.0,0.25,0
0.0,0.07,0
0.0,0.3,0
0.0,0.08,0
0.0,0.01,0
0.0,0.01,0
0.0,0.01,0
0.0,0.04,0
0.0,0.08,0
0.0,0.03,0
0.0,0.02,0
0.0,0.07,0
0.0,0.08,0
0.0,0.03,0
0.0,0.52,0
0.0,0.07,0
0.0,0.38,0
0.0,0.07,0
0.0,0.18,0
0.0,0.0,0
0.0,0.03,0
0.0,0.11,0
0.0,0.01,0
0.0,0.0,0
0.0,0.07,0
0.0,0.02,0
0.0,1.28,0
0.0,0.01,0
0.0,0.09,0
0.0,0.01,0
0.0,0.28,0
0.0,0.01,0
0.0,0.37,0
0.0,0.19,0
0.0,0.07,0
0.0,0.02,0
0.0,0.06,0
0.0,0.01,0
0.0,0.01,0
0.0,0.05,0
0.0,0.03,0
0.0,0.0,0
0.0,0.0,0
0.0,0.12,0
0.0,0.23,0
0.0,0.05,0
0.0,0.87,0
0.0,0.06,0
0.0,0.13,0
0.0,0.13,0
0.0,0.04,0
0.0,0.01,0
0.0,0.01,0
0.0,0.03,0
0.0,0.0,0
0.0,6.47,0
0.0,0.03,0
0.0,0.13,0
28.1,3.75,0
0.0,0.07,0
0.0,0.05,0
0.0,0.04,0
0.0,0.04,0
0.0,0.09,0
0.0,0.0,0
0.0,0.07,0
0.0,0.0,0
0.0,0.14,0
0.0,0.01,0
0.0,0.09,0
0.0,0.76,0
0.0,0.01,0
0.0,0.04,0
0.0,0.04,0
0.0,0.02,0
0.0,0.4,0
0.0,0.0,0
0.0,0.14,0
0.0,0.61,0
0.0,0.03,0
0.0,0.19,1
0.0,0.1,0
0.0,0.19,0
0.0,0.05,0
0.0,0.11,0
0.0,0.09,0
0.0,0.05,0
0.0,0.01,0
893.2,0.0,0
28.4,0.0,0
0.0,0.43,0
0.0,0.77,0
0.0,0.0,1
0.0,2.1,0
0.0,0.0,0
0.0,2.0,0
0.0,0.08,0
0.0,0.03,0
0.0,0.07,0
0.0,0.01,0
0.0,0.05,0
0.0,0.03,0
0.0,0.01,0
0.0,0.01,0
0.0,0.08,0
0.0,0.0,0
0.0,0.17,0
0.0,0.07,0
0.0,0.04,0
0.0,0.18,0
0.0,0.27,0
0.0,0.01,0
0.0,0.0,0
0.0,0.03,0
0.0,0.19,0
0.0,0.04,0
0.0,0.03,0
0.0,0.53,0
0.0,0.0,0
0.0,0.01,0
0.0,0.01,0
0.0,0.03,0
0.0,0.06,0
0.0,0.08,0
0.0,0.03,0
0.0,0.02,0
0.0,0.01,0
0.0,0.07,0
0.0,0.14,0
0.0,0.04,0
0.0,0.01,0
0.0,0.08,0
0.0,0.01,0
0.0,0.0,0
0.0,0.11,0
0.0,0.16,0
0.0,0.07,0
0.0,0.06,0
0.0,0.0,0
0.0,0.05,0
0.0,0.24,0
0.0,0.1,0
0.0,0.0,0
0.0,0.04,0
0.0,0.01,0
0.0,0.01,0
0.0,0.02,0
0.0,0.0,0
0.0,0.0,0
0.0,0.11,0
0.0,0.06,0
0.0,0.0,0
0.0,0.03,0
0.0,0.01,0
0.0,0.15,0
0.0,0.01,0
0.0,0.55,0
0.0,0.11,0
0.0,0.07,0
0.0,0.01,0
0.0,0.92,1
0.0,0.05,0
0.0,0.01,0
0.0,0.01,0
0.0,0.27,0
0.0,0.01,0
0.0,0.01,0
0.0,0.03,0
0.0,0.01,0
0.0,0.06,0
0.0,0.02,0
0.0,0.14,0
0.0,0.03,0
0.0,0.02,0
0.0,0.03,0
0.0,0.01,0
0.0,0.03,0
0.0,0.02,0
0.0,0.01,0
0.0,0.06,0
0.0,0.08,0
0.0,0.0,0
0.0,0.16,0
0.0,0.01,0
0.0,0.01,0
0.0,0.01,0
0.0,0.22,0
0.0,0.15,0
0.0,0.02,0
0.0,0.01,0
0.0,0.02,0
0.0,0.11,0
0.0,0.04,0
0.0,0.02,0
0.0,0.03,0
0.0,0.04,0
0.0,0.0,0
0.0,0.18,0
0.0,0.07,0
0.0,0.06,0
0.0,0.04,0
0.0,0.0,0
0.0,0.03,0
0.0,0.0,0
0.0,0.2,0
0.0,0.07,0
0.0,0.0,0
0.0,0.01,0
0.0,0.31,0
0.0,0.01,0
0.0,0.01,0
0.0,0.05,0
0.0,0.17,0
0.0,0.0,0
0.0,0.14,0
0.0,0.01,0
0.0,0.03,0
0.0,0.01,0
0.0,2.38,0
0.0,0.12,0
28.0,0.6,0
0.0,0.11,1
0.0,0.0,0
0.0,0.01,0
0.0,0.4,0
0.0,0.08,0
0.0,0.05,0
0.0,0.22,0
0.0,0.02,0
0.0,0.06,0
0.0,0.02,0
0.0,0.05,0
0.0,0.2,0
0.0,0.16,0
0.0,0.38,0
0.0,0.18,0
0.0,0.29,0
0.0,0.34,0
0.0,0.2,0
0.0,0.05,0
0.0,0.0,0
0.0,0.23,0
0.0,0.01,0
0.0,0.01,0
0.0,0.03,0
0.0,0.22,0
0.0,0.03,0
0.0,0.29,0
0.0,0.47,0
113.4,0.5,0
0.0,0.05,0
0.0,0.02,0
0.0,0.11,0
0.0,0.07,0
0.0,0.03,0
0.0,0.07,0
0.0,0.07,0
0.0,0.06,0
0.0,0.11,0
0.0,0.17,0
0.0,0.11,0
0.0,0.27,0
0.0,0.14,0
0.0,0.58,0
0.0,0.07,0
0.0,0.01,0
0.0,0.05,0
0.0,0.45,0
0.0,0.02,0
0.0,0.02,0
0.0,0.82,0
0.0,0.0,0
0.0,0.1,0
0.0,0.25,0
0.0,0.07,0
0.0,0.29,0
0.0,0.08,0
0.0,0.01,0
0.0,0.01,0
0.0,0.01,0
0.0,0.04,0
0.0,0.11,0
0.0,0.03,0
0.0,0.02,0
0.0,0.07,0
0.0,0.09,0
0.0,0.03,0
0.0,0.53,0
0.0,0.07,0
0.0,0.38,0
0.0,0.08,0
0.0,0.18,0
0.0,0.0,0
0.0,0.03,0
0.0,0.11,0
0.0,0.01,0
0.0,0.0,0
0.0,0.07,0
0.0,0.02,0
0.0,1.2,0
0.0,0.01,0
0.0,0.1,0
0.0,0.01,0
0.0,0.48,0
0.0,0.01,0
0.0,0.37,0
0.0,0.2,0
0.0,0.07,0
0.0,0.02,0
0.0,0.06,0
0.0,0.01,0
0.0,0.01,0
0.0,0.07,0
0.0,0.03,0
0.0,0.0,0
0.0,0.0,0
0.0,0.15,0
0.0,0.23,0
0.0,0.05,0
0.0,0.87,0
0.0,0.06,0
0.0,0.13,0
0.0,0.13,0
0.0,0.04,0
0.0,0.01,0
0.0,0.03,0
0.0,0.0,0
0.0,6.47,0
0.0,0.03,0
0.0,0.13,0
27.5,3.53,0
0.0,0.08,0
0.0,0.05,0
0.0,0.13,0
0.0,0.04,0
0.0,0.09,0
0.0,0.0,0
0.0,0.07,0
0.0,0.0,0
0.0,0.14,0
0.0,0.01,0
0.0,0.09,0
0.0,0.56,0
0.0,0.01,0
0.0,0.04,0
0.0,0.04,0
0.0,0.02,0
0.0,0.4,0
0.0,0.0,0
0.0,0.14,0
0.0,0.73,0
0.0,0.03,0
0.0,0.19,1
30.9,0.1,0
0.0,0.19,0
0.0,0.05,0
0.0,0.1,0
0.0,0.09,0
0.0,0.05,0
0.0,0.01,0
1066.7,0.0,0
55.5,0.0,0
0.0,0.43,0
0.0,0.77,0
0.0,0.0,1
0.0,2.37,0
0.0,0.0,0
0.0,2.01,0
0.0,0.09,0
0.0,0.03,0
0.0,0.07,0
0.0,0.01,0
0.0,0.16,0
0.0,0.03,0
0.0,0.01,0
0.0,0.01,0
0.0,0.08,0
0.0,0.0,0
0.0,0.17,0
0.0,0.07,0
0.0,0.04,0
0.0,0.18,0
0.0,0.27,0
0.0,0.01,0
0.0,0.0,0
0.0,0.03,0
0.0,0.19,0
0.0,0.04,0
0.0,0.03,0
0.0,0.53,0
0.0,0.0,0
0.0,0.01,0
0.0,0.01,0
0.0,0.03,0
0.0,0.04,0
0.0,0.09,0
0.0,0.03,0
0.0,0.02,0
0.0,0.01,0
0.0,0.07,0
0.0,0.14,0
0.0,0.04,0
0.0,0.01,0
0.0,0.08,0
0.0,0.01,0
0.0,0.0,0
0.0,0.11,0
0.0,0.17,0
0.0,0.07,0
0.0,0.06,0
0.0,0.0,0
0.0,0.05,0
0.0,0.24,0
0.0,0.1,0
0.0,0.0,0
0.0,0.04,0
0.0,0.01,0
0.0,0.01,0
0.0,0.02,0
0.0,0.0,0
0.0,0.0,0
0.0,0.11,0
0.0,0.06,0
0.0,0.0,0
0.0,0.03,0
0.0,0.01,0
0.0,0.15,0
0.0,0.01,0
0.0,0.55,0
0.0,0.11,0
0.0,0.07,0
0.0,0.01,0
30.9,0.92,1
0.0,0.06,0
0.0,0.01,0
0.0,0.01,0
0.0,0.27,0
0.0,0.01,0
0.0,0.01,0
0.0,0.03,0
0.0,0.01,0
0.0,0.06,0
0.0,0.02,0
0.0,0.14,0
0.0,0.03,0
0.0,0.02,0
0.0,0.03,0
0.0,0.01,0
0.0,0.03,0
0.0,0.02,0
0.0,0.01,0
0.0,0.06,0
0.0,0.08,0
0.0,0.0,0
0.0,0.16,0
0.0,0.01,0
0.0,0.01,0
0.0,0.01,0
0.0,0.28,0
0.0,0.15,0
0.0,0.02,0
0.0,0.01,0
0.0,0.02,0
0.0,0.11,0
0.0,0.04,0
0.0,0.02,0
0.0,0.03,0
0.0,0.04,0
0.0,0.0,0
0.0,0.18,0
0.0,0.07,0
0.0,0.06,0
0.0,0.04,0
0.0,0.0,0
0.0,0.03,0
0.0,0.0,0
0.0,0.2,0
0.0,0.07,0
0.0,0.0,0
0.0,0.01,0
0.0,0.31,0
0.0,0.01,0
0.0,0.01,0
0.0,0.05,0
0.0,0.17,0
0.0,0.0,0
0.0,0.14,0
0.0,0.01,0
0.0,0.03,0
0.0,0.01,0
0.0,2.35,0
0.0,0.12,0
55.3,0.65,0
0.0,0.11,1
0.0,0.0,0
0.0,0.01,0
0.0,0.41,0
0.0,0.08,0
0.0,0.05,0
0.0,0.22,0
0.0,0.02,0
0.0,0.06,0
0.0,0.02,0
0.0,0.05,0
0.0,0.21,0
0.0,0.16,0
0.0,0.38,0
0.0,0.18,0
0.0,0.29,0
0.0,0.34,0
0.0,0.2,0
0.0,0.05,0
0.0,0.0,0
0.0,0.23,0
0.0,0.01,0
0.0,0.01,0
0.0,0.03,0
0.0,0.22,0
0.0,0.03,0
0.0,0.31,0
0.0,0.49,0
54.7,3.45,0
0.0,0.05,0
0.0,0.02,0
0.0,0.11,0
0.0,0.07,0
0.0,0.03,0
0.0,0.2,0
0.0,0.07,0
0.0,0.06,0
0.0,0.11,0
0.0,0.17,0
0.0,0.11,0
0.0,0.27,0
0.0,0.14,0
0.0,0.58,0
0.0,0.07,0
0.0,0.01,0
0.0,0.05,0
0.0,0.45,0
0.0,0.02,0
0.0,0.02,0
0.0,0.83,0
0.0,0.0,0
0.0,0.1,0
0.0,0.25,0
0.0,0.07,0
0.0,0.29,0
0.0,0.08,0
0.0,0.01,0
0.0,0.01,0
0.0,0.01,0
0.0,0.04,0
0.0,0.11,0
0.0,0.03,0
0.0,0.02,0
0.0,0.07,0
0.0,0.09,0
0.0,0.03,0
0.0,0.53,0
0.0,0.07,0
0.0,0.38,0
0.0,0.08,0
0.0,0.18,0
0.0,0.0,0
0.0,0.03,0
0.0,0.11,0
0.0,0.01,0
0.0,0.0,0
0.0,0.07,0
0.0,0.02,0
0.0,1.31,0
0.0,0.01,0
0.0,0.1,0
0.0,0.01,0
0.0,0.48,0
0.0,0.01,0
0.0,0.37,0
0.0,0.2,0
0.0,0.07,0
0.0,0.02,0
0.0,0.06,0
0.0,0.01,0
0.0,0.01,0
0.0,0.07,0
0.0,0.03,0
0.0,0.0,0
0.0,0.0,0
0.0,0.16,0
0.0,0.26,0
0.0,0.05,0
0.0,1.07,0
0.0,0.06,0
0.0,0.13,0
0.0,0.13,0
0.0,0.04,0
0.0,0.01,0
0.0,0.03,0
0.0,0.0,0
0.0,6.54,0
0.0,0.03,0
0.0,0.13,0
56.0,3.54,0
0.0,0.08,0
0.0,0.05,0
0.0,0.13,0
0.0,0.05,0
0.0,0.09,0
0.0,0.0,0
0.0,0.07,0
0.0,0.0,0
0.0,0.14,0
0.0,0.01,0
0.0,0.09,0
0.0,0.55,0
0.0,0.01,0
0.0,0.04,0
0.0,0.04,0
0.0,0.02,0
0.0,0.4,0
0.0,0.0,0
0.0,0.14,0
0.0,0.73,0
0.0,0.03,0
0.0,0.19,1
0.0,0.13,0
0.0,0.19,0
0.0,0.05,0
0.0,0.1,0
0.0,0.09,0
0.0,0.05,0
0.0,0.01,0
942.3,0.0,0
0.0,0.0,0
0.0,0.43,0
0.0,0.77,0
0.0,0.0,1
0.0,2.4,0
0.0,0.0,0
0.0,2.02,0
0.0,0.09,0
0.0,0.03,0
0.0,0.07,0
0.0,0.01,0
0.0,0.16,0
0.0,0.03,0
0.0,0.01,0
0.0,0.01,0
0.0,0.08,0
0.0,0.0,0
0.0,0.17,0
0.0,0.07,0
0.0,0.04,0
0.0,0.19,0
0.0,0.27,0
0.0,0.01,0
0.0,0.0,0
0.0,0.03,0
0.0,0.19,0
0.0,0.04,0
0.0,0.03,0
0.0,0.59,0
0.0,0.0,0
0.0,0.01,0
0.0,0.01,0
0.0,0.03,0
0.0,0.04,0
0.0,0.11,0
0.0,0.03,0
0.0,0.03,0
0.0,0.01,0
0.0,0.07,0
0.0,0.17,0
0.0,0.04,0
0.0,0.01,0
0.0,0.08,0
0.0,0.01,0
0.0,0.0,0
0.0,0.11,0
0.0,0.16,0
0.0,0.07,0
0.0,0.06,0
0.0,0.0,0
0.0,0.05,0
0.0,0.24,0
0.0,0.11,0
0.0,0.0,0
0.0,0.04,0
0.0,0.01,0
0.0,0.01,0
0.0,0.02,0
0.0,0.0,0
0.0,0.0,0
0.0,0.11,0
0.0,0.08,0
0.0,0.0,0
0.0,0.03,0
0.0,0.01,0
0.0,0.15,0
0.0,0.01,0
0.0,0.55,0
0.0,0.11,0
0.0,0.07,0
0.0,0.01,0
0.0,0.92,1
0.0,0.05,0
0.0,0.01,0
0.0,0.01,0
0.0,0.27,0
0.0,0.01,0
0.0,0.01,0
0.0,0.03,0
0.0,0.01,0
0.0,0.06,0
0.0,0.02,0
0.0,0.14,0
0.0,0.03,0
0.0,0.02,0
0.0,0.03,0
0.0,0.01,0
0.0,0.03,0
0.0,0.02,0
0.0,0.01,0
0.0,0.06,0
0.0,0.08,0
0.0,0.0,0
0.0,0.16,0
0.0,0.01,0
0.0,0.01,0
0.0,0.01,0
0.0,0.28,0
0.0,0.15,0
0.0,0.02,0
0.0,0.01,0
0.0,0.02,0
0.0,0.11,0
0.0,0.04,0
0.0,0.02,0
0.0,0.03,0
0.0,0.04,0
0.0,0.0,0
0.0,0.18,0
0.0,0.09,0
0.0,0.06,0
0.0,0.04,0
0.0,0.0,0
0.0,0.03,0
0.0,0.0,0
0.0,0.21,0
0.0,0.07,0
0.0,0.0,0
0.0,0.01,0
0.0,0.31,0
0.0,0.01,0
0.0,0.01,0
0.0,0.05,0
0.0,0.17,0
0.0,0.0,0
0.0,0.14,0
0.0,0.01,0
0.0,0.03,0
0.0,0.01,0
0.0,2.5,0
0.0,0.14,0
109.6,0.65,0
0.0,0.11,1
0.0,0.0,0
0.0,0.01,0
0.0,0.41,0
0.0,0.08,0
0.0,0.05,0
0.0,0.22,0
0.0,0.02,0
0.0,0.06,0
0.0,0.03,0
0.0,0.05,0
0.0,0.21,0
0.0,0.16,0
0.0,0.38,0
0.0,0.18,0
0.0,0.31,0
0.0,0.35,0
0.0,0.18,0
0.0,0.05,0
0.0,0.0,0
0.0,0.23,0
0.0,0.01,0
0.0,0.01,0
0.0,0.04,0
0.0,0.22,0
0.0,0.03,0
0.0,0.31,0
0.0,0.51,0
55.1,3.62,0
0.0,0.05,0
0.0,0.02,0
0.0,0.11,0
0.0,0.07,0
0.0,0.03,0
0.0,0.2,0
0.0,0.07,0
0.0,0.06,0
0.0,0.11,0
56.3,0.17,0
0.0,0.27,0
0.0,0.14,0
0.0,0.6,0
0.0,0.08,0
0.0,0.01,0
0.0,0.05,0
0.0,0.49,0
0.0,0.03,0
0.0,0.02,0
0.0,0.93,0
0.0,0.0,0
0.0,0.1,0
0.0,0.25,0
0.0,0.07,0
0.0,0.3,0
0.0,0.08,0
0.0,0.01,0
0.0,0.01,0
0.0,0.01,0
0.0,0.04,0
0.0,0.11,0
0.0,0.03,0
0.0,0.02,0
0.0,0.07,0
0.0,0.09,0
0.0,0.03,0
0.0,0.54,0
0.0,0.07,0
0.0,0.38,0
0.0,0.08,0
0.0,0.18,0
0.0,0.0,0
0.0,0.03,0
0.0,0.11,0
0.0,0.01,0
0.0,0.0,0
0.0,0.07,0
0.0,0.02,0
0.0,1.28,0
0.0,0.01,0
0.0,0.1,0
0.0,0.01,0
0.0,0.48,0
0.0,0.01,0
0.0,0.37,0
0.0,0.2,0
0.0,0.07,0
0.0,0.02,0
0.0,0.06,0
0.0,0.01,0
0.0,0.01,0
0.0,0.18,0
0.0,0.04,0
0.0,0.0,0
0.0,0.0,0
0.0,0.25,0
0.0,0.26,0
0.0,0.05,0
0.0,0.06,0
0.0,0.13,0
0.0,0.13,0
0.0,0.04,0
0.0,0.01,0
0.0,0.03,0
0.0,0.0,0
0.0,5.59,0
0.0,0.03,0
0.0,0.13,0
0.0,3.6,0
0.0,0.08,0
0.0,0.05,0
0.0,0.13,0
0.0,0.09,0
0.0,0.0,0
0.0,0.07,0
0.0,0.0,0
0.0,0.16,0
0.0,0.01,0
0.0,0.09,0
0.0,0.55,0
0.0,0.01,0
0.0,0.06,0
0.0,0.04,0
0.0,0.02,0
0.0,0.41,0
0.0,0.0,0
0.0,0.14,0
0.0,0.73,0
0.0,0.03,0
0.0,0.19,1
0.0,0.13,0
0.0,0.19,0
0.0,0.05,0
0.0,0.1,0
0.0,0.09,0
0.0,0.05,0
0.0,0.01,0
1113.6,0.0,0
0.0,0.0,0
0.0,0.43,0
0.0,0.76,0
0.0,0.0,1
0.0,2.28,0
0.0,0.0,0
0.0,2.03,0
0.0,0.09,0
0.0,0.03,0
0.0,0.07,0
0.0,0.01,0
0.0,0.12,0
0.0,0.03,0
0.0,0.01,0
0.0,0.01,0
0.0,0.08,0
0.0,0.0,0
0.0,0.17,0
0.0,0.07,0
0.0,0.04,0
0.0,0.29,0
0.0,0.27,0
0.0,0.01,0
0.0,0.0,0
0.0,0.03,0
0.0,0.19,0
0.0,0.04,0
0.0,0.03,0
0.0,0.6,0
0.0,0.0,0
0.0,0.01,0
0.0,0.02,0
0.0,0.03,0
0.0,0.04,0
0.0,0.11,0
0.0,0.03,0
0.0,0.03,0
0.0,0.01,0
0.0,0.07,0
0.0,0.17,0
0.0,0.04,0
0.0,0.01,0
0.0,0.08,0
0.0,0.01,0
0.0,0.0,0
27.7,0.11,0
0.0,0.16,0
0.0,0.07,0
0.0,0.06,0
0.0,0.0,0
0.0,0.05,0
0.0,0.24,0
0.0,0.11,0
0.0,0.0,0
0.0,0.04,0
0.0,0.01,0
0.0,0.01,0
0.0,0.02,0
0.0,0.0,0
0.0,0.01,0
0.0,0.11,0
0.0,0.08,0
0.0,0.0,0
0.0,0.03,0
0.0,0.01,0
0.0,0.15,0
0.0,0.01,0
0.0,0.55,0
0.0,0.11,0
0.0,0.07,0
0.0,0.01,0
0.0,0.92,1
0.0,0.05,0
0.0,0.01,0
0.0,0.01,0
0.0,0.27,0
0.0,0.01,0
0.0,0.01,0
0.0,0.03,0
0.0,0.01,0
0.0,0.06,0
0.0,0.02,0
0.0,0.14,0
0.0,0.03,0
0.0,0.02,0
0.0,0.03,0
0.0,0.01,0
0.0,0.03,0
0.0,0.02,0
0.0,0.01,0
0.0,0.06,0
0.0,0.09,0
0.0,0.0,0
0.0,0.17,0
0.0,0.01,0
0.0,0.01,0
0.0,0.01,0
0.0,0.28,0
0.0,0.15,0
0.0,0.02,0
0.0,0.01,0
0.0,0.02,0
0.0,0.11,0
0.0,0.04,0
0.0,0.02,0
0.0,0.03,0
0.0,0.04,0
0.0,0.0,0
0.0,0.18,0
0.0,0.09,0
0.0,0.06,0
0.0,0.04,0
0.0,0.0,0
0.0,0.03,0
0.0,0.0,0
0.0,0.21,0
0.0,0.07,0
0.0,0.0,0
0.0,0.01,0
0.0,0.31,0
0.0,0.01,0
0.0,0.01,0
0.0,0.05,0
0.0,0.17,0
0.0,0.0,0
0.0,0.14,0
0.0,0.01,0
0.0,0.03,0
0.0,0.01,0
0.0,2.48,0
0.0,0.14,0
111.3,0.73,0
0.0,0.11,1
0.0,0.0,0
0.0,0.01,0
0.0,0.42,0
0.0,0.08,0
0.0,0.05,0
0.0,0.22,0
0.0,0.02,0
0.0,0.06,0
0.0,0.03,0
0.0,0.06,0
0.0,0.18,0
0.0,0.16,0
0.0,0.38,0
0.0,0.18,0
0.0,0.31,0
0.0,0.35,0
0.0,0.18,0
0.0,0.05,0
0.0,0.0,0
0.0,0.23,0
0.0,0.01,0
0.0,0.01,0
0.0,0.04,0
0.0,0.22,0
0.0,0.03,0
0.0,0.31,0
0.0,0.51,0
80.6,3.91,0
0.0,0.05,0
0.0,0.02,0
0.0,0.11,0
0.0,0.07,0
0.0,0.03,0
0.0,0.2,0
0.0,0.07,0
0.0,0.06,0
0.0,0.11,0
0.0,0.16,0
0.0,0.33,0
0.0,0.14,0
0.0,0.6,0
0.0,0.08,0
0.0,0.01,0
0.0,0.05,0
0.0,0.49,0
0.0,0.03,0
0.0,0.02,0
0.0,0.94,0
0.0,0.0,0
0.0,0.1,0
0.0,0.25,0
0.0,0.07,0
0.0,0.3,0
0.0,0.08,0
0.0,0.01,0
0.0,0.02,0
0.0,0.01,0
0.0,0.04,0
0.0,0.11,0
0.0,0.03,0
0.0,0.02,0
0.0,0.07,0
0.0,0.09,0
0.0,0.03,0
0.0,0.54,0
0.0,0.07,0
0.0,0.38,0
0.0,0.08,0
0.0,0.18,0
0.0,0.0,0
0.0,0.03,0
0.0,0.11,0
0.0,0.01,0
0.0,0.0,0
0.0,0.07,0
0.0,0.02,0
0.0,1.28,0
0.0,0.0,0
0.0,0.0,0
0.0,0.0,0
0.0,0.0,0
0.0,0.0,0
0.0,0.0,0
0.0,0.0,0
0.0,0.0,0
0.0,0.0,0
0.0,0.06,0
0.0,0.0,0
0.0,0.0,0
0.0,0.03,0
0.0,0.0,0
0.0,0.0,0
0.0,0.0,0
0.0,0.01,0
0.0,0.03,0
0.0,0.0,0
0.0,0.0,0
0.0,0.0,0
0.0,0.0,0
0.0,0.0,0
0.0,0.0,0
0.0,0.0,0
0.0,0.0,0
0.0,0.48,0
0.0,0.0,0
0.0,0.02,0
28.0,3.53,0
0.0,0.0,0
0.0,0.0,0
0.0,0.0,0
0.0,0.0,0
0.0,0.0,0
0.0,0.0,0
0.0,0.0,0
0.0,0.0,0
0.0,0.0,0
0.0,0.0,0
0.0,0.55,0
0.0,0.0,0
0.0,0.0,0
0.0,0.0,0
0.0,0.0,0
0.0,0.0,0
0.0,0.0,0
0.0,0.0,0
0.0,0.01,0
0.0,0.0,0
0.0,0.01,1
0.0,0.05,0
0.0,0.0,0
0.0,0.0,0
0.0,0.0,0
0.0,0.0,0
0.0,0.0,0
0.0,0.0,0
800.2,0.0,0
28.6,0.0,0
0.0,0.43,0
0.0,0.76,0
0.0,0.0,1
0.0,0.06,0
0.0,0.0,0
0.0,0.3,0
0.0,0.02,0
0.0,0.03,0
0.0,0.0,0
0.0,0.01,0
0.0,0.06,0
0.0,0.0,0
0.0,0.0,0
0.0,0.0,0
0.0,0.08,0
0.0,0.0,0
0.0,0.17,0
0.0,0.0,0
0.0,0.0,0
0.0,0.03,0
0.0,0.06,0
0.0,0.0,0
0.0,0.0,0
0.0,0.0,0
0.0,0.11,0
0.0,0.0,0
0.0,0.01,0
0.0,0.14,0
0.0,0.0,0
0.0,0.01,0
0.0,0.0,0
0.0,0.0,0
0.0,0.08,0
0.0,0.01,0
0.0,0.0,0
0.0,0.01,0
0.0,0.0,0
0.0,0.01,0
0.0,0.05,0
0.0,0.02,0
0.0,0.0,0
0.0,0.02,0
0.0,0.0,0
0.0,0.0,0
0.0,0.03,0
0.0,0.01,0
0.0,0.02,0
0.0,0.04,0
0.0,0.0,0
0.0,0.01,0
0.0,0.02,0
0.0,0.0,0
0.0,0.0,0
0.0,0.0,0
0.0,0.0,0
0.0,0.0,0
0.0,0.0,0
0.0,0.0,0
0.0,0.0,0
0.0,0.03,0
0.0,0.0,0
0.0,0.0,0
0.0,0.0,0
0.0,0.0,0
0.0,0.02,0
0.0,0.0,0
0.0,0.1,0
0.0,0.03,0
0.0,0.01,0
0.0,0.0,0
0.0,0.08,1
0.0,0.02,0
0.0,0.01,0
0.0,0.0,0
0.0,0.0,0
0.0,0.0,0
0.0,0.0,0
0.0,0.01,0
0.0,0.0,0
0.0,0.04,0
0.0,0.0,0
0.0,0.03,0
0.0,0.0,0
0.0,0.02,0
0.0,0.02,0
0.0,0.0,0
0.0,0.0,0
0.0,0.0,0
0.0,0.0,0
0.0,0.02,0
0.0,0.03,0
0.0,0.0,0
0.0,0.01,0
0.0,0.01,0
0.0,0.0,0
0.0,0.0,0
0.0,0.06,0
0.0,0.07,0
0.0,0.0,0
0.0,0.0,0
0.0,0.0,0
0.0,0.0,0
0.0,0.0,0
0.0,0.03,0
0.0,0.02,0
0.0,0.0,0
0.0,0.0,0
0.0,0.0,0
0.0,0.05,0
0.0,0.02,0
0.0,0.01,0
0.0,0.0,0
0.0,0.0,0
0.0,0.0,0
0.0,0.06,0
0.0,0.0,0
0.0,0.0,0
0.0,0.0,0
0.0,0.01,0
0.0,0.0,0
0.0,0.0,0
0.0,0.04,0
0.0,0.02,0
0.0,0.0,0
0.0,0.04,0
0.0,0.0,0
0.0,0.0,0
0.0,0.0,0
0.0,0.41,0
0.0,0.0,0
0.0,0.33,0
0.0,0.05,1
0.0,0.0,0
0.0,0.01,0
0.0,0.28,0
0.0,0.03,0
0.0,0.0,0
0.0,0.0,0
0.0,0.0,0
0.0,0.03,0
0.0,0.02,0
0.0,0.0,0
0.0,0.16,0
0.0,0.1,0
0.0,0.0,0
0.0,0.07,0
0.0,0.06,0
0.0,0.18,0
0.0,0.0,0
0.0,0.0,0
0.0,0.0,0
0.0,0.0,0
0.0,0.0,0
0.0,0.01,0
0.0,0.22,0
0.0,0.0,0
0.0,0.15,0
0.0,0.0,0
55.1,0.02,0
0.0,0.05,0
0.0,0.0,0
0.0,0.04,0
0.0,0.02,0
0.0,0.0,0
0.0,0.04,0
0.0,0.01,0
0.0,0.0,0
0.0,0.0,0
27.6,0.17,0
0.0,0.08,0
0.0,0.14,0
0.0,0.08,0
0.0,0.08,0
0.0,0.0,0
0.0,0.0,0
0.0,0.25,0
0.0,0.0,0
0.0,0.0,0
0.0,0.3,0
0.0,0.0,0
0.0,0.1,0
0.0,0.05,0
0.0,0.03,0
0.0,0.06,0
0.0,0.02,0
0.0,0.0,0
0.0,0.0,0
0.0,0.0,0
0.0,0.02,0
0.0,0.0,0
0.0,0.0,0
0.0,0.0,0
0.0,0.0,0
0.0,0.0,0
0.0,0.05,0
0.0,0.31,0
0.0,0.0,0
0.0,0.02,0
0.0,0.02,0
0.0,0.02,0
0.0,0.0,0
0.0,0.03,0
0.0,0.03,0
0.0,0.0,0
0.0,0.0,0
0.0,0.02,0
0.0,0.0,0
0.0,1.14,0
0.0,0.01,0
0.0,0.01,0
0.0,0.01,0
0.0,0.0,0
0.0,0.02,0
0.0,0.1,0
0.0,0.0,0
0.0,0.0,0
0.0,0.0,0
0.0,0.06,0
0.0,0.01,0
0.0,0.01,0
0.0,0.04,0
0.0,0.0,0
0.0,0.0,0
0.0,0.0,0
0.0,0.1,0
0.0,0.09,0
0.0,0.0,0
0.0,0.01,0
0.0,0.22,0
0.0,0.03,0
0.0,0.0,0
0.0,0.0,0
0.0,0.0,0
0.0,0.0,0
0.0,0.69,0
0.0,0.02,0
0.0,0.03,0
0.0,3.54,0
0.0,0.0,0
0.0,0.0,0
0.0,0.0,0
0.0,0.03,0
0.0,0.0,0
0.0,0.0,0
0.0,0.0,0
0.0,0.02,0
0.0,0.01,0
0.0,0.03,0
0.0,0.55,0
0.0,0.01,0
0.0,0.0,0
0.0,0.0,0
0.0,0.0,0
0.0,0.3,0
0.0,0.0,0
0.0,0.0,0
0.0,0.02,0
0.0,0.0,0
0.0,0.01,1
0.0,0.09,0
0.0,0.02,0
0.0,0.0,0
0.0,0.03,0
0.0,0.03,0
0.0,0.01,0
0.0,0.0,0
1219.9,0.0,0
0.0,0.0,0
0.0,0.43,0
0.0,0.76,0
0.0,0.0,1
0.0,0.1,0
0.0,0.0,0
0.0,1.08,0
0.0,0.03,0
0.0,0.03,0
0.0,0.0,0
0.0,0.01,0
0.0,0.05,0
0.0,0.0,0
0.0,0.0,0
0.0,0.0,0
0.0,0.08,0
0.0,0.0,0
0.0,0.17,0
0.0,0.0,0
0.0,0.0,0
0.0,0.12,0
0.0,0.1,0
0.0,0.0,0
0.0,0.0,0
0.0,0.0,0
0.0,0.12,0
0.0,0.0,0
0.0,0.02,0
0.0,0.15,0
0.0,0.0,0
0.0,0.01,0
0.0,0.0,0
0.0,0.0,0
0.0,0.08,0
0.0,0.01,0
0.0,0.0,0
0.0,0.01,0
0.0,0.0,0
0.0,0.04,0
0.0,0.07,0
0.0,0.02,0
0.0,0.0,0
0.0,0.02,0
0.0,0.0,0
0.0,0.0,0
0.0,0.07,0
0.0,0.01,0
0.0,0.02,0
0.0,0.04,0
0.0,0.0,0
0.0,0.01,0
0.0,0.02,0
0.0,0.02,0
0.0,0.0,0
0.0,0.0,0
0.0,0.0,0
0.0,0.0,0
0.0,0.01,0
0.0,0.0,0
0.0,0.0,0
0.0,0.03,0
0.0,0.0,0
0.0,0.0,0
0.0,0.01,0
0.0,0.01,0
0.0,0.02,0
0.0,0.0,0
0.0,0.1,0
0.0,0.03,0
0.0,0.01,0
0.0,0.0,0
0.0,0.09,1
0.0,0.03,0
0.0,0.01,0
0.0,0.01,0
0.0,0.03,0
0.0,0.01,0
0.0,0.01,0
0.0,0.01,0
0.0,0.01,0
0.0,0.04,0
0.0,0.0,0
0.0,0.06,0
0.0,0.01,0
0.0,0.02,0
0.0,0.02,0
0.0,0.01,0
0.0,0.0,0
0.0,0.0,0
0.0,0.01,0
0.0,0.02,0
0.0,0.04,0
0.0,0.0,0
0.0,0.12,0
0.0,0.01,0
0.0,0.0,0
0.0,0.01,0
0.0,0.06,0
0.0,0.07,0
0.0,0.01,0
0.0,0.01,0
0.0,0.01,0
0.0,0.03,0
0.0,0.03,0
0.0,0.03,0
0.0,0.02,0
0.0,0.04,0
0.0,0.0,0
0.0,0.07,0
0.0,0.05,0
0.0,0.04,0
0.0,0.03,0
0.0,0.0,0
0.0,0.03,0
0.0,0.0,0
0.0,0.08,0
0.0,0.0,0
0.0,0.0,0
0.0,0.01,0
0.0,0.01,0
0.0,0.01,0
0.0,0.01,0
0.0,0.04,0
0.0,0.02,0
0.0,0.0,0
0.0,0.04,0
0.0,0.01,0
0.0,0.0,0
0.0,0.01,0
0.0,0.62,0
0.0,0.02,0
28.2,0.32,0
0.0,0.09,1
0.0,0.0,0
0.0,0.01,0
0.0,0.32,0
0.0,0.03,0
0.0,0.01,0
0.0,0.04,0
0.0,0.01,0
0.0,0.03,0
0.0,0.02,0
0.0,0.01,0
0.0,0.16,0
0.0,0.1,0
0.0,0.04,0
0.0,0.07,0
0.0,0.07,0
0.0,0.24,0
0.0,0.01,0
0.0,0.0,0
0.0,0.03,0
0.0,0.0,0
0.0,0.0,0
0.0,0.03,0
0.0,0.22,0
0.0,0.0,0
0.0,0.19,0
0.0,0.01,0
113.5,0.02,0
0.0,0.05,0
0.0,0.02,0
0.0,0.05,0
0.0,0.06,0
0.0,0.02,0
0.0,0.06,0
0.0,0.03,0
0.0,0.0,0
0.0,0.03,0
0.0,0.16,0
0.0,0.12,0
0.0,0.14,0
0.0,0.12,0
0.0,0.08,0
0.0,0.0,0
0.0,0.0,0
0.0,0.28,0
0.0,0.0,0
0.0,0.0,0
0.0,0.47,0
0.0,0.0,0
0.0,0.1,0
0.0,0.05,0
0.0,0.04,0
0.0,0.07,0
0.0,0.02,0
0.0,0.0,0
0.0,0.01,0
0.0,0.0,0
0.0,0.03,0
0.0,0.03,0
0.0,0.0,0
0.0,0.0,0
0.0,0.04,0
0.0,0.03,0
0.0,0.05,0
0.0,0.39,0
0.0,0.03,0
0.0,0.03,0
0.0,0.03,0
0.0,0.02,0
0.0,0.0,0
0.0,0.03,0
0.0,0.06,0
0.0,0.0,0
0.0,0.0,0
0.0,0.03,0
0.0,0.0,0
0.0,1.25,0
0.0,0.01,0
0.0,0.01,0
0.0,0.01,0
0.0,0.01,0
0.0,0.02,0
0.0,0.12,0
0.0,0.2,0
0.0,0.05,0
0.0,0.0,0
0.0,0.06,0
0.0,0.01,0
0.0,0.01,0
0.0,0.06,0
0.0,0.03,0
0.0,0.0,0
0.0,0.0,0
0.0,0.11,0
0.0,0.11,0
0.0,0.03,0
0.0,0.03,0
0.0,0.22,0
0.0,0.04,0
0.0,0.03,0
0.0,0.02,0
0.0,0.0,0
0.0,0.0,0
0.0,4.27,0
0.0,0.02,0
0.0,0.05,0
0.0,3.55,0
0.0,0.0,0
0.0,0.06,0
0.0,0.04,0
0.0,0.04,0
0.0,0.0,0
0.0,0.03,0
0.0,0.0,0
0.0,0.04,0
0.0,0.01,0
0.0,0.03,0
0.0,0.55,0
0.0,0.01,0
0.0,0.04,0
0.0,0.03,0
0.0,0.01,0
0.0,0.34,0
0.0,0.0,0
0.0,0.04,0
0.0,0.05,0
0.0,0.02,0
0.0,0.01,1
0.0,0.13,0
0.0,0.02,0
0.0,0.0,0
0.0,0.04,0
0.0,0.04,0
0.0,0.04,0
0.0,0.01,0
809.7,0.0,0
28.9,0.0,0
0.0,0.43,0
0.0,0.76,0
0.0,0.0,1
0.0,0.26,0
0.0,0.0,0
0.0,1.38,0
0.0,0.03,0
0.0,0.03,0
0.0,0.05,0
0.0,0.01,0
0.0,0.05,0
0.0,0.01,0
0.0,0.01,0
0.0,0.01,0
0.0,0.08,0
0.0,0.0,0
0.0,0.17,0
0.0,0.04,0
0.0,0.03,0
0.0,0.17,0
0.0,0.11,0
0.0,0.0,0
0.0,0.0,0
0.0,0.0,0
0.0,0.13,0
0.0,0.01,0
0.0,0.02,0
0.0,0.16,0
0.0,0.0,0
0.0,0.01,0
0.0,0.01,0
0.0,0.03,0
0.0,0.07,0
0.0,0.01,0
0.0,0.0,0
0.0,0.01,0
0.0,0.01,0
0.0,0.04,0
0.0,0.07,0
0.0,0.02,0
0.0,0.01,0
0.0,0.03,0
0.0,0.0,0
0.0,0.0,0
0.0,0.08,0
0.0,0.03,0
0.0,0.03,0
0.0,0.04,0
0.0,0.0,0
0.0,0.01,0
0.0,0.24,0
0.0,0.03,0
0.0,0.0,0
0.0,0.0,0
0.0,0.01,0
0.0,0.01,0
0.0,0.01,0
0.0,0.0,0
0.0,0.0,0
0.0,0.04,0
0.0,0.04,0
0.0,0.0,0
0.0,0.01,0
0.0,0.01,0
0.0,0.03,0
0.0,0.01,0
0.0,0.11,0
31.0,0.1,0
0.0,0.01,0
0.0,0.01,0
0.0,0.11,1
0.0,0.03,0
0.0,0.01,0
0.0,0.01,0
0.0,0.03,0
0.0,0.01,0
0.0,0.01,0
0.0,0.01,0
0.0,0.01,0
0.0,0.06,0
0.0,0.01,0
0.0,0.08,0
0.0,0.01,0
0.0,0.02,0
0.0,0.04,0
0.0,0.01,0
0.0,0.01,0
0.0,0.0,0
0.0,0.01,0
0.0,0.02,0
0.0,0.04,0
0.0,0.0,0
0.0,0.12,0
0.0,0.01,0
0.0,0.0,0
0.0,0.01,0
0.0,0.08,0
0.0,0.07,0
0.0,0.02,0
0.0,0.01,0
0.0,0.01,0
0.0,0.08,0
0.0,0.03,0
0.0,0.03,0
0.0,0.05,0
0.0,0.04,0
0.0,0.0,0
0.0,0.07,0
0.0,0.07,0
0.0,0.06,0
0.0,0.03,0
0.0,0.0,0
0.0,0.03,0
0.0,0.0,0
0.0,0.1,0
0.0,0.0,0
0.0,0.0,0
0.0,0.01,0
0.0,0.06,0
0.0,0.01,0
0.0,0.01,0
0.0,0.04,0
0.0,0.02,0
0.0,0.0,0
0.0,0.05,0
0.0,0.01,0
0.0,0.0,0
0.0,0.01,0
0.0,0.76,0
0.0,0.02,0
0.0,0.35,0
0.0,0.09,1
0.0,0.0,0
0.0,0.01,0
0.0,0.37,0
0.0,0.03,0
0.0,0.01,0
0.0,0.21,0
0.0,0.01,0
0.0,0.03,0
0.0,0.02,0
0.0,0.01,0
0.0,0.18,0
0.0,0.1,0
0.0,0.35,0
0.0,0.07,0
0.0,0.14,0
0.0,0.24,0
0.0,0.01,0
0.0,0.0,0
0.0,0.04,0
0.0,0.01,0
0.0,0.0,0
0.0,0.03,0
0.0,0.22,0
0.0,0.0,0
0.0,0.2,0
0.0,0.01,0
114.4,0.02,0
0.0,0.05,0
0.0,0.02,0
0.0,0.05,0
0.0,0.06,0
0.0,0.03,0
0.0,0.07,0
0.0,0.03,0
0.0,0.01,0
0.0,0.03,0
0.0,0.17,0
0.0,0.14,0
0.0,0.14,0
0.0,0.17,0
0.0,0.08,0
0.0,0.02,0
0.0,0.0,0
0.0,0.28,0
0.0,0.0,0
0.0,0.01,0
0.0,0.5,0
0.0,0.0,0
0.0,0.1,0
0.0,0.07,0
0.0,0.06,0
0.0,0.1,0
0.0,0.02,0
0.0,0.0,0
0.0,0.01,0
0.0,0.01,0
0.0,0.03,0
0.0,0.03,0
0.0,0.03,0
0.0,0.01,0
0.0,0.07,0
0.0,0.03,0
0.0,0.07,0
0.0,0.41,0
0.0,0.06,0
0.0,0.03,0
0.0,0.04,0
0.0,0.02,0
0.0,0.0,0
0.0,0.03,0
0.0,0.1,0
0.0,0.0,0
0.0,0.0,0
0.0,0.03,0
0.0,0.01,0
0.0,1.22,0
0.0,0.01,0
0.0,0.04,0
0.0,0.01,0
0.0,0.01,0
0.0,0.03,0
0.0,0.22,0
0.0,0.22,0
0.0,0.05,0
0.0,0.0,0
0.0,0.06,0
0.0,0.01,0
0.0,0.01,0
0.0,0.07,0
0.0,0.03,0
0.0,0.0,0
0.0,0.0,0
0.0,0.13,0
0.0,0.12,0
0.0,0.05,0
0.0,0.04,0
0.0,0.24,0
0.0,0.11,0
0.0,0.03,0
0.0,0.02,0
0.0,0.0,0
0.0,0.0,0
0.0,4.28,0
0.0,0.02,0
0.0,0.12,0
58.7,3.54,0
0.0,0.0,0
0.0,0.06,0
0.0,0.04,0
0.0,0.04,0
0.0,0.0,0
0.0,0.07,0
0.0,0.0,0
0.0,0.04,0
0.0,0.01,0
0.0,0.08,0
0.0,0.55,0
0.0,0.01,0
0.0,0.04,0
0.0,0.03,0
0.0,0.01,0
0.0,0.35,0
0.0,0.0,0
0.0,0.1,0
0.0,0.09,0
0.0,0.02,0
0.0,0.01,1
0.0,0.13,0
0.0,0.03,0
0.0,0.0,0
0.0,0.05,0
0.0,0.09,0
0.0,0.05,0
0.0,0.01,0
1139.7,0.0,0
0.0,0.0,0
0.0,0.43,0
0.0,0.76,0
0.0,0.02,1
0.0,0.26,0
0.0,0.0,0
0.0,1.42,0
0.0,0.03,0
0.0,0.03,0
0.0,0.05,0
0.0,0.01,0
0.0,0.05,0
0.0,0.01,0
0.0,0.01,0
0.0,0.01,0
0.0,0.08,0
0.0,0.0,0
0.0,0.17,0
0.0,0.04,0
0.0,0.04,0
0.0,0.17,0
0.0,0.11,0
0.0,0.0,0
0.0,0.0,0
0.0,0.02,0
0.0,0.13,0
0.0,0.01,0
0.0,0.02,0
0.0,0.16,0
0.0,0.0,0
0.0,0.01,0
0.0,0.01,0
0.0,0.03,0
0.0,0.05,0
0.0,0.01,0
0.0,0.02,0
0.0,0.01,0
0.0,0.01,0
0.0,0.05,0
0.0,0.08,0
0.0,0.02,0
0.0,0.01,0
0.0,0.03,0
0.0,0.0,0
0.0,0.0,0
0.0,0.1,0
0.0,0.03,0
0.0,0.03,0
0.0,0.04,0
0.0,0.0,0
0.0,0.02,0
0.0,0.24,0
0.0,0.03,0
0.0,0.0,0
0.0,0.01,0
0.0,0.01,0
0.0,0.01,0
0.0,0.01,0
0.0,0.0,0
0.0,0.0,0
0.0,0.04,0
0.0,0.06,0
0.0,0.0,0
0.0,0.01,0
0.0,0.01,0
0.0,0.03,0
0.0,0.01,0
0.0,0.11,0
0.0,0.1,0
0.0,0.04,0
0.0,0.01,0
0.0,0.11,1
0.0,0.03,0
0.0,0.01,0
0.0,0.01,0
0.0,0.03,0
0.0,0.01,0
0.0,0.01,0
0.0,0.02,0
0.0,0.01,0
0.0,0.06,0
0.0,0.02,0
0.0,0.08,0
0.0,0.01,0
0.0,0.03,0
0.0,0.04,0
0.0,0.01,0
0.0,0.01,0
0.0,0.0,0
0.0,0.01,0
0.0,0.02,0
0.0,0.04,0
0.0,0.0,0
0.0,0.13,0
0.0,0.01,0
0.0,0.0,0
0.0,0.01,0
0.0,0.08,0
0.0,0.07,0
0.0,0.02,0
0.0,0.01,0
0.0,0.01,0
0.0,0.08,0
0.0,0.03,0
0.0,0.03,0
0.0,0.05,0
0.0,0.04,0
0.0,0.0,0
0.0,0.1,0
0.0,0.08,0
0.0,0.06,0
0.0,0.03,0
0.0,0.0,0
0.0,0.03,0
0.0,0.0,0
0.0,0.1,0
0.0,0.0,0
0.0,0.0,0
0.0,0.01,0
0.0,0.06,0
0.0,0.01,0
0.0,0.01,0
0.0,0.04,0
0.0,0.04,0
0.0,0.0,0
0.0,0.05,0
0.0,0.01,0
0.0,0.0,0
0.0,0.01,0
0.0,0.81,0
0.0,0.02,0
55.0,0.35,0
0.0,0.09,1
0.0,0.0,0
0.0,0.01,0
0.0,0.38,0
0.0,0.04,0
0.0,0.01,0
0.0,0.21,0
0.0,0.02,0
0.0,0.03,0
0.0,0.02,0
0.0,0.01,0
0.0,0.18,0
0.0,0.1,0
0.0,0.35,0
0.0,0.07,0
0.0,0.17,0
0.0,0.25,0
0.0,0.01,0
0.0,0.0,0
0.0,0.04,0
0.0,0.01,0
0.0,0.0,0
0.0,0.04,0
0.0,0.22,0
0.0,0.03,0
0.0,0.22,0
0.0,0.02,0
0.0,0.02,0
0.0,0.05,0
0.0,0.02,0
0.0,0.1,0
0.0,0.06,0
0.0,0.03,0
0.0,0.07,0
0.0,0.03,0
0.0,0.01,0
0.0,0.03,0
83.9,0.18,0
0.0,0.17,0
0.0,0.14,0
0.0,0.18,0
0.0,0.07,0
0.0,0.02,0
0.0,0.0,0
0.0,0.28,0
0.0,0.0,0
0.0,0.01,0
0.0,0.51,0
0.0,0.0,0
0.0,0.1,0
0.0,0.08,0
0.0,0.06,0
0.0,0.11,0
0.0,0.02,0
0.0,0.01,0
0.0,0.01,0
0.0,0.01,0
0.0,0.03,0
0.0,0.03,0
0.0,0.03,0
0.0,0.01,0
0.0,0.07,0
0.0,0.03,0
0.0,0.08,0
0.0,0.45,0
0.0,0.06,0
0.0,0.03,0
0.0,0.04,0
0.0,0.02,0
0.0,0.0,0
0.0,0.03,0
0.0,0.1,0
0.0,0.0,0
0.0,0.0,0
0.0,0.06,0
0.0,0.01,0
0.0,1.25,0
0.0,0.01,0
0.0,0.04,0
0.0,0.01,0
0.0,0.02,0
0.0,0.03,0
0.0,0.3,0
0.0,0.22,0
0.0,0.08,0
0.0,0.01,0
0.0,0.06,0
0.0,0.01,0
0.0,0.01,0
0.0,0.09,0
0.0,0.03,0
0.0,0.0,0
0.0,0.0,0
0.0,0.13,0
0.0,0.25,0
0.0,0.05,0
0.0,0.04,0
0.0,0.25,0
0.0,0.11,0
0.0,0.03,0
0.0,0.02,0
0.0,0.01,0
0.0,0.0,0
0.0,4.36,0
0.0,0.02,0
0.0,0.12,0
27.6,3.57,0
0.0,0.06,0
0.0,0.04,0
0.0,0.09,0
0.0,0.0,0
0.0,0.07,0
0.0,0.0,0
0.0,0.04,0
0.0,0.01,0
0.0,0.08,0
0.0,0.55,0
0.0,0.01,0
0.0,0.05,0
0.0,0.03,0
0.0,0.01,0
0.0,0.35,0
0.0,0.0,0
0.0,0.1,0
0.0,0.09,0
0.0,0.03,0
0.0,0.05,1
0.0,0.13,0
0.0,0.04,0
0.0,0.01,0
0.0,0.05,0
0.0,0.09,0
0.0,0.05,0
0.0,0.01,0
979.2,0.0,0
0.0,0.0,0
0.0,0.43,0
0.0,0.76,0
0.0,0.02,1
0.0,0.39,0
0.0,0.0,0
0.0,1.56,0
0.0,0.03,0
0.0,0.03,0
0.0,0.05,0
0.0,0.01,0
0.0,0.05,0
0.0,0.01,0
0.0,0.01,0
0.0,0.01,0
0.0,0.08,0
0.0,0.0,0
0.0,0.17,0
0.0,0.04,0
0.0,0.04,0
0.0,0.17,0
0.0,0.12,0
0.0,0.0,0
0.0,0.0,0
0.0,0.02,0
0.0,0.14,0
0.0,0.01,0
0.0,0.02,0
0.0,0.2,0
0.0,0.0,0
0.0,0.01,0
0.0,0.01,0
0.0,0.03,0
0.0,0.07,0
0.0,0.03,0
0.0,0.02,0
0.0,0.02,0
0.0,0.01,0
0.0,0.05,0
0.0,0.08,0
0.0,0.02,0
0.0,0.01,0
0.0,0.03,0
0.0,0.0,0
0.0,0.0,0
0.0,0.1,0
0.0,0.04,0
0.0,0.03,0
0.0,0.04,0
0.0,0.0,0
0.0,0.02,0
0.0,0.24,0
0.0,0.04,0
0.0,0.0,0
0.0,0.01,0
0.0,0.01,0
0.0,0.01,0
0.0,0.01,0
0.0,0.0,0
0.0,0.0,0
0.0,0.04,0
0.0,0.06,0
0.0,0.0,0
0.0,0.01,0
0.0,0.01,0
0.0,0.03,0
0.0,0.01,0
0.0,0.11,0
0.0,0.1,0
0.0,0.04,0
0.0,0.01,0
0.0,0.11,1
0.0,0.03,0
0.0,0.01,0
0.0,0.01,0
0.0,0.03,0
0.0,0.01,0
0.0,0.01,0
0.0,0.02,0
0.0,0.01,0
0.0,0.06,0
0.0,0.02,0
0.0,0.08,0
0.0,0.02,0
0.0,0.03,0
0.0,0.04,0
0.0,0.01,0
0.0,0.02,0
0.0,0.0,0
0.0,0.01,0
0.0,0.02,0
0.0,0.04,0
0.0,0.0,0
0.0,0.16,0
0.0,0.01,0
0.0,0.0,0
0.0,0.01,0
0.0,0.1,0
0.0,0.07,0
0.0,0.02,0
0.0,0.01,0
0.0,0.01,0
0.0,0.08,0
0.0,0.03,0
0.0,0.03,0
0.0,0.05,0
0.0,0.04,0
0.0,0.0,0
0.0,0.1,0
0.0,0.09,0
0.0,0.06,0
0.0,0.03,0
0.0,0.0,0
0.0,0.03,0
0.0,0.0,0
0.0,0.12,0
0.0,0.0,0
0.0,0.0,0
0.0,0.01,0
0.0,0.08,0
0.0,0.01,0
0.0,0.01,0
0.0,0.05,0
0.0,0.05,0
0.0,0.0,0
0.0,0.05,0
0.0,0.01,0
0.0,0.0,0
0.0,0.01,0
0.0,0.84,0
0.0,0.02,0
113.1,0.45,0
0.0,0.12,1
0.0,0.0,0
0.0,0.01,0
0.0,0.38,0
0.0,0.04,0
0.0,0.01,0
0.0,0.21,0
0.0,0.02,0
0.0,0.03,0
0.0,0.02,0
0.0,0.03,0
0.0,0.18,0
0.0,0.1,0
0.0,0.35,0
0.0,0.07,0
0.0,0.17,0
0.0,0.25,0
0.0,0.01,0
0.0,0.0,0
0.0,0.04,0
0.0,0.01,0
0.0,0.0,0
0.0,0.04,0
0.0,0.22,0
0.0,0.03,0
0.0,0.22,0
0.0,0.02,0
27.9,0.05,0
0.0,0.05,0
0.0,0.02,0
0.0,0.1,0
0.0,0.06,0
0.0,0.03,0
0.0,0.07,0
0.0,0.03,0
0.0,0.01,0
0.0,0.03,0
0.0,0.18,0
0.0,0.17,0
0.0,0.14,0
0.0,0.18,0
0.0,0.07,0
0.0,0.02,0
0.0,0.0,0
0.0,0.33,0
0.0,0.0,0
0.0,0.01,0
0.0,0.52,0
0.0,0.0,0
0.0,0.1,0
0.0,0.09,0
0.0,0.06,0
0.0,0.11,0
0.0,0.02,0
0.0,0.01,0
0.0,0.01,0
0.0,0.01,0
0.0,0.03,0
0.0,0.03,0
0.0,0.03,0
0.0,0.01,0
0.0,0.07,0
0.0,0.03,0
0.0,0.08,0
0.0,0.51,0
0.0,0.06,0
0.0,0.03,0
0.0,0.04,0
0.0,0.02,0
0.0,0.0,0
0.0,0.03,0
0.0,0.1,0
0.0,0.0,0
0.0,0.0,0
0.0,0.06,0
0.0,0.01,0
0.0,1.2,0
0.0,0.01,0
0.0,0.04,0
0.0,0.01,0
0.0,0.02,0
0.0,0.03,0
0.0,0.3,0
0.0,0.22,0
0.0,0.08,0
0.0,0.01,0
0.0,0.06,0
0.0,0.01,0
0.0,0.01,0
0.0,0.09,0
0.0,0.03,0
0.0,0.0,0
0.0,0.0,0
0.0,0.13,0
0.0,0.34,0
0.0,0.05,0
0.0,0.11,0
0.0,0.25,0
0.0,0.11,0
0.0,0.03,0
0.0,0.02,0
0.0,0.01,0
0.0,0.0,0
0.0,4.38,0
0.0,0.02,0
0.0,0.12,0
57.5,3.55,0
0.0,0.06,0
0.0,0.04,0
0.0,0.09,0
0.0,0.0,0
0.0,0.07,0
0.0,0.0,0
0.0,0.08,0
0.0,0.01,0
0.0,0.08,0
0.0,0.55,0
0.0,0.01,0
0.0,0.07,0
0.0,0.03,0
0.0,0.01,0
0.0,0.35,0
0.0,0.0,0
0.0,0.1,0
0.0,0.09,0
0.0,0.03,0
0.0,0.05,1
0.0,0.13,0
0.0,0.04,0
0.0,0.01,0
0.0,0.05,0
0.0,0.09,0
0.0,0.05,0
0.0,0.01,0
817.2,0.0,0
0.0,0.0,0
0.0,0.43,0
0.0,0.76,0
0.0,0.02,1
0.0,0.39,0
0.0,0.0,0
0.0,1.63,0
0.0,0.07,0
0.0,0.03,0
0.0,0.05,0
0.0,0.01,0
0.0,0.05,0
0.0,0.04,0
0.0,0.01,0
0.0,0.01,0
0.0,0.08,0
0.0,0.0,0
0.0,0.17,0
0.0,0.16,0
0.0,0.04,0
0.0,0.46,0
0.0,0.12,0
0.0,0.0,0
0.0,0.0,0
0.0,0.02,0
0.0,0.14,0
0.0,0.01,0
0.0,0.02,0
0.0,0.2,0
0.0,0.0,0
0.0,0.01,0
0.0,0.01,0
0.0,0.03,0
0.0,0.07,0
0.0,0.03,0
0.0,0.02,0
0.0,0.02,0
0.0,0.01,0
0.0,0.05,0
0.0,0.09,0
0.0,0.02,0
0.0,0.01,0
0.0,0.03,0
0.0,0.0,0
0.0,0.0,0
0.0,0.1,0
0.0,0.04,0
0.0,0.03,0
0.0,0.04,0
0.0,0.0,0
0.0,0.02,0
0.0,0.24,0
0.0,0.04,0
0.0,0.0,0
0.0,0.01,0
0.0,0.01,0
0.0,0.01,0
0.0,0.01,0
0.0,0.0,0
0.0,0.0,0
0.0,0.04,0
0.0,0.06,0
0.0,0.0,0
0.0,0.01,0
0.0,0.01,0
0.0,0.03,0
0.0,0.01,0
0.0,0.11,0
0.0,0.1,0
0.0,0.04,0
0.0,0.01,0
0.0,0.12,1
0.0,0.03,0
0.0,0.01,0
0.0,0.01,0
0.0,0.03,0
0.0,0.01,0
0.0,0.01,0
0.0,0.02,0
0.0,0.01,0
0.0,0.06,0
0.0,0.02,0
0.0,0.08,0
0.0,0.02,0
0.0,0.03,0
0.0,0.04,0
0.0,0.01,0
0.0,0.02,0
0.0,0.0,0
0.0,0.01,0
0.0,0.02,0
0.0,0.04,0
0.0,0.0,0
0.0,0.14,0
0.0,0.01,0
0.0,0.0,0
0.0,0.01,0
0.0,0.1,0
0.0,0.07,0
0.0,0.02,0
0.0,0.01,0
0.0,0.01,0
0.0,0.08,0
0.0,0.19,0
0.0,0.03,0
0.0,0.05,0
0.0,0.04,0
0.0,0.0,0
0.0,0.1,0
0.0,0.09,0
0.0,0.06,0
0.0,0.03,0
0.0,0.0,0
0.0,0.03,0
0.0,0.0,0
0.0,0.12,0
0.0,0.0,0
0.0,0.0,0
0.0,0.01,0
0.0,0.08,0
0.0,0.01,0
0.0,0.01,0
0.0,0.05,0
0.0,0.05,0
0.0,0.0,0
0.0,0.05,0
0.0,0.01,0
0.0,0.0,0
0.0,0.01,0
0.0,0.84,0
0.0,0.02,0
55.6,0.45,0
0.0,0.12,1
0.0,0.0,0
0.0,0.01,0
0.0,0.39,0
0.0,0.04,0
0.0,0.01,0
0.0,0.22,0
0.0,0.02,0
0.0,0.03,0
0.0,0.02,0
0.0,0.03,0
0.0,0.18,0
0.0,0.1,0
0.0,0.37,0
0.0,0.07,0
0.0,0.17,0
0.0,0.25,0
0.0,0.01,0
0.0,0.0,0
0.0,0.04,0
0.0,0.01,0
0.0,0.0,0
0.0,0.04,0
0.0,0.22,0
0.0,0.03,0
0.0,0.25,0
0.0,0.02,0
56.2,0.05,0
0.0,0.05,0
0.0,0.02,0
0.0,0.1,0
0.0,0.06,0
0.0,0.03,0
0.0,0.07,0
0.0,0.06,0
0.0,0.01,0
0.0,0.03,0
109.7,0.19,0
0.0,0.36,0
0.0,0.14,0
0.0,0.18,0
0.0,0.07,0
0.0,0.02,0
0.0,0.0,0
0.0,0.33,0
0.0,0.0,0
0.0,0.01,0
0.0,0.52,0
0.0,0.0,0
0.0,0.1,0
0.0,0.1,0
0.0,0.06,0
0.0,0.12,0
0.0,0.03,0
0.0,0.01,0
0.0,0.01,0
0.0,0.01,0
0.0,0.03,0
0.0,0.04,0
0.0,0.03,0
0.0,0.03,0
0.0,0.07,0
0.0,0.03,0
0.0,0.08,0
0.0,0.53,0
0.0,0.06,0
0.0,0.03,0
0.0,0.04,0
0.0,0.02,0
0.0,0.0,0
0.0,0.03,0
0.0,0.1,0
0.0,0.01,0
0.0,0.0,0
0.0,0.06,0
0.0,0.03,0
0.0,1.24,0
0.0,0.01,0
0.0,0.05,0
0.0,0.01,0
0.0,0.02,0
0.0,0.03,0
0.0,0.31,0
0.0,0.22,0
0.0,0.08,0
0.0,0.01,0
0.0,0.06,0
0.0,0.01,0
0.0,0.01,0
0.0,0.09,0
0.0,0.03,0
0.0,0.0,0
0.0,0.0,0
0.0,0.13,0
0.0,0.36,0
0.0,0.05,0
0.0,0.11,0
0.0,0.25,0
0.0,0.16,0
0.0,0.03,0
0.0,0.02,0
0.0,0.02,0
0.0,0.0,0
0.0,4.41,0
0.0,0.02,0
0.0,0.12,0
0.0,3.56,0
0.0,0.06,0
0.0,0.04,0
0.0,0.09,0
0.0,0.0,0
0.0,0.07,0
0.0,0.0,0
0.0,0.08,0
0.0,0.01,0
0.0,0.08,0
0.0,0.55,0
0.0,0.01,0
0.0,0.07,0
0.0,0.03,0
0.0,0.01,0
0.0,0.37,0
0.0,0.0,0
0.0,0.13,0
0.0,0.09,0
0.0,0.03,0
0.0,0.05,1
0.0,0.13,0
0.0,0.04,0
0.0,0.01,0
0.0,0.05,0
0.0,0.09,0
0.0,0.05,0
0.0,0.01,0
1042.5,0.0,0
28.4,0.0,0
0.0,0.43,0
0.0,0.76,0
0.0,0.02,1
0.0,0.39,0
0.0,0.0,0
0.0,1.66,0
0.0,0.07,0
0.0,0.03,0
0.0,0.05,0
0.0,0.01,0
0.0,0.05,0
0.0,0.04,0
0.0,0.01,0
0.0,0.01,0
0.0,0.08,0
0.0,0.0,0
0.0,0.17,0
0.0,0.16,0
0.0,0.04,0
0.0,0.46,0
0.0,0.12,0
0.0,0.0,0
0.0,0.0,0
0.0,0.02,0
0.0,0.14,0
0.0,0.01,0
0.0,0.02,0
0.0,0.2,0
0.0,0.0,0
0.0,0.01,0
0.0,0.01,0
0.0,0.03,0
0.0,0.07,0
0.0,0.03,0
0.0,0.02,0
0.0,0.02,0
0.0,0.01,0
0.0,0.05,0
0.0,0.09,0
0.0,0.02,0
0.0,0.01,0
0.0,0.03,0
0.0,0.0,0
0.0,0.0,0
0.0,0.1,0
0.0,0.04,0
0.0,0.03,0
0.0,0.04,0
0.0,0.0,0
0.0,0.02,0
0.0,0.43,0
0.0,0.04,0
0.0,0.0,0
0.0,0.01,0
0.0,0.01,0
0.0,0.01,0
0.0,0.01,0
0.0,0.0,0
0.0,0.0,0
0.0,0.04,0
0.0,0.06,0
0.0,0.0,0
0.0,0.01,0
0.0,0.01,0
0.0,0.03,0
0.0,0.01,0
0.0,0.11,0
0.0,0.1,0
0.0,0.04,0
0.0,0.01,0
0.0,0.12,1
0.0,0.03,0
0.0,0.01,0
0.0,0.01,0
0.0,0.03,0
0.0,0.01,0
0.0,0.01,0
0.0,0.02,0
0.0,0.01,0
0.0,0.07,0
0.0,0.02,0
0.0,0.08,0
0.0,0.02,0
0.0,0.03,0
0.0,0.04,0
0.0,0.01,0
0.0,0.02,0
0.0,0.0,0
0.0,0.01,0
0.0,0.02,0
0.0,0.04,0
0.0,0.0,0
0.0,0.14,0
0.0,0.01,0
0.0,0.0,0
0.0,0.01,0
0.0,0.12,0
0.0,0.07,0
0.0,0.02,0
0.0,0.01,0
0.0,0.01,0
0.0,0.08,0
0.0,0.19,0
0.0,0.03,0
0.0,0.05,0
0.0,0.04,0
0.0,0.0,0
0.0,0.1,0
0.0,0.09,0
0.0,0.06,0
0.0,0.03,0
0.0,0.0,0
0.0,0.03,0
0.0,0.0,0
0.0,0.12,0
0.0,0.0,0
0.0,0.0,0
0.0,0.01,0
0.0,0.08,0
0.0,0.01,0
0.0,0.01,0
0.0,0.05,0
0.0,0.05,0
0.0,0.0,0
0.0,0.05,0
0.0,0.01,0
0.0,0.0,0
0.0,0.01,0
0.0,0.85,0
0.0,0.02,0
0.0,0.41,0
0.0,0.12,1
0.0,0.0,0
0.0,0.01,0
0.0,0.4,0
0.0,0.04,0
0.0,0.01,0
0.0,0.22,0
0.0,0.02,0
0.0,0.03,0
0.0,0.02,0
0.0,0.03,0
0.0,0.18,0
0.0,0.1,0
0.0,0.37,0
0.0,0.07,0
0.0,0.17,0
0.0,0.26,0
0.0,0.04,0
0.0,0.0,0
0.0,0.06,0
0.0,0.01,0
0.0,0.0,0
0.0,0.04,0
0.0,0.22,0
0.0,0.03,0
0.0,0.25,0
0.0,0.07,0
84.9,0.05,0
0.0,0.05,0
0.0,0.02,0
0.0,0.1,0
0.0,0.06,0
0.0,0.03,0
0.0,0.07,0
0.0,0.07,0
0.0,0.01,0
0.0,0.03,0
0.0,0.18,0
0.0,0.36,0
0.0,0.14,0
0.0,0.18,0
0.0,0.07,0
0.0,0.02,0
0.0,0.0,0
0.0,0.34,0
0.0,0.0,0
0.0,0.01,0
0.0,0.53,0
0.0,0.0,0
0.0,0.1,0
0.0,0.1,0
0.0,0.06,0
0.0,0.12,0
0.0,0.03,0
0.0,0.01,0
0.0,0.01,0
0.0,0.01,0
0.0,0.03,0
0.0,0.04,0
0.0,0.03,0
0.0,0.03,0
0.0,0.07,0
0.0,0.03,0
0.0,0.08,0
0.0,0.53,0
0.0,0.06,0
0.0,0.03,0
0.0,0.04,0
0.0,0.02,0
0.0,0.0,0
0.0,0.03,0
0.0,0.1,0
0.0,0.01,0
0.0,0.0,0
0.0,0.06,0
0.0,0.03,0
0.0,1.31,0
0.0,0.01,0
0.0,0.05,0
0.0,0.01,0
0.0,0.02,0
0.0,0.03,0
0.0,0.31,0
0.0,0.3,0
0.0,0.08,0
0.0,0.01,0
0.0,0.06,0
0.0,0.01,0
0.0,0.01,0
0.0,0.09,0
0.0,0.03,0
0.0,0.0,0
0.0,0.0,0
0.0,0.13,0
0.0,0.42,0
0.0,0.05,0
0.0,0.11,0
0.0,0.25,0
0.0,0.16,0
0.0,0.03,0
0.0,0.02,0
0.0,0.02,0
0.0,0.0,0
0.0,4.44,0
0.0,0.02,0
0.0,0.12,0
0.0,3.56,0
0.0,0.06,0
0.0,0.04,0
0.0,0.09,0
0.0,0.0,0
0.0,0.07,0
0.0,0.0,0
0.0,0.08,0
0.0,0.01,0
0.0,0.08,0
0.0,0.55,0
0.0,0.01,0
0.0,0.07,0
0.0,0.03,0
0.0,0.01,0
0.0,0.37,0
0.0,0.0,0
0.0,0.13,0
0.0,0.09,0
0.0,0.03,0
0.0,0.05,1
0.0,0.13,0
0.0,0.04,0
0.0,0.01,0
0.0,0.05,0
0.0,0.09,0
0.0,0.05,0
0.0,0.01,0
903.3,0.0,0
86.7,0.0,0
0.0,0.43,0
0.0,0.76,0
0.0,0.02,1
0.0,0.4,0
0.0,0.0,0
0.0,1.67,0
0.0,0.07,0
0.0,0.03,0
0.0,0.05,0
0.0,0.01,0
0.0,0.05,0
0.0,0.04,0
0.0,0.01,0
0.0,0.01,0
0.0,0.08,0
0.0,0.0,0
0.0,0.17,0
0.0,0.17,0
0.0,0.04,0
0.0,0.47,0
0.0,0.12,0
0.0,0.0,0
0.0,0.0,0
0.0,0.02,0
0.0,0.14,0
0.0,0.01,0
0.0,0.02,0
0.0,0.2,0
0.0,0.0,0
0.0,0.01,0
0.0,0.01,0
0.0,0.03,0
0.0,0.07,0
0.0,0.03,0
0.0,0.02,0
0.0,0.02,0
0.0,0.01,0
0.0,0.06,0
0.0,0.09,0
0.0,0.02,0
0.0,0.01,0
0.0,0.03,0
0.0,0.0,0
0.0,0.0,0
0.0,0.11,0
0.0,0.04,0
0.0,0.03,0
0.0,0.04,0
0.0,0.0,0
0.0,0.02,0
0.0,0.43,0
0.0,0.04,0
0.0,0.0,0
0.0,0.03,0
0.0,0.01,0
0.0,0.01,0
0.0,0.01,0
0.0,0.0,0
0.0,0.0,0
0.0,0.04,0
0.0,0.06,0
0.0,0.0,0
0.0,0.01,0
0.0,0.01,0
0.0,0.03,0
0.0,0.01,0
0.0,0.11,0
0.0,0.1,0
0.0,0.04,0
0.0,0.01,0
0.0,0.12,1
0.0,0.03,0
0.0,0.01,0
0.0,0.01,0
0.0,0.03,0
0.0,0.01,0
0.0,0.01,0
0.0,0.02,0
0.0,0.01,0
0.0,0.07,0
0.0,0.02,0
0.0,0.08,0
0.0,0.02,0
0.0,0.03,0
0.0,0.04,0
0.0,0.01,0
0.0,0.02,0
0.0,0.0,0
0.0,0.01,0
0.0,0.02,0
0.0,0.04,0
0.0,0.0,0
0.0,0.14,0
0.0,0.01,0
0.0,0.0,0
0.0,0.01,0
0.0,0.12,0
0.0,0.07,0
0.0,0.02,0
0.0,0.01,0
0.0,0.01,0
0.0,0.08,0
0.0,0.19,0
0.0,0.03,0
0.0,0.05,0
0.0,0.04,0
0.0,0.0,0
0.0,0.1,0
0.0,0.09,0
0.0,0.06,0
0.0,0.03,0
0.0,0.0,0
0.0,0.03,0
0.0,0.0,0
0.0,0.12,0
0.0,0.0,0
0.0,0.0,0
0.0,0.01,0
0.0,0.08,0
0.0,0.01,0
0.0,0.01,0
0.0,0.05,0
0.0,0.06,0
0.0,0.0,0
0.0,0.05,0
0.0,0.01,0
0.0,0.0,0
0.0,0.01,0
0.0,0.85,0
0.0,0.02,0
0.0,0.43,0
0.0,0.12,1
0.0,0.0,0
0.0,0.01,0
0.0,0.4,0
0.0,0.04,0
0.0,0.01,0
0.0,0.22,0
0.0,0.02,0
0.0,0.03,0
0.0,0.02,0
0.0,0.03,0
0.0,0.18,0
0.0,0.1,0
0.0,0.37,0
0.0,0.07,0
0.0,0.17,0
0.0,0.26,0
0.0,0.04,0
0.0,0.0,0
0.0,0.06,0
0.0,0.01,0
0.0,0.0,0
0.0,0.04,0
0.0,0.22,0
0.0,0.03,0
0.0,0.25,0
0.0,0.07,0
55.6,0.05,0
0.0,0.05,0
0.0,0.02,0
0.0,0.1,0
0.0,0.06,0
0.0,0.03,0
0.0,0.07,0
0.0,0.07,0
0.0,0.01,0
0.0,0.03,0
58.0,0.18,0
0.0,0.37,0
0.0,0.14,0
0.0,0.18,0
0.0,0.07,0
0.0,0.02,0
0.0,0.0,0
0.0,0.35,0
0.0,0.0,0
0.0,0.01,0
0.0,0.59,0
0.0,0.0,0
0.0,0.1,0
0.0,0.1,0
0.0,0.06,0
0.0,0.12,0
0.0,0.03,0
0.0,0.01,0
0.0,0.01,0
0.0,0.01,0
0.0,0.03,0
0.0,0.04,0
0.0,0.03,0
0.0,0.03,0
0.0,0.07,0
0.0,0.03,0
0.0,0.08,0
0.0,0.54,0
0.0,0.06,0
0.0,0.05,0
0.0,0.04,0
0.0,0.02,0
0.0,0.0,0
0.0,0.03,0
0.0,0.1,0
0.0,0.01,0
0.0,0.0,0
0.0,0.06,0
0.0,0.03,0
0.0,1.23,0
0.0,0.01,0
0.0,0.05,0
0.0,0.01,0
0.0,0.02,0
0.0,0.03,0
0.0,0.33,0
0.0,0.3,0
0.0,0.08,0
0.0,0.02,0
0.0,0.06,0
0.0,0.01,0
0.0,0.01,0
0.0,0.09,0
0.0,0.03,0
0.0,0.0,0
0.0,0.0,0
0.0,0.13,0
0.0,0.42,0
0.0,0.05,0
0.0,0.11,0
0.0,0.26,0
0.0,0.16,0
0.0,0.03,0
0.0,0.02,0
0.0,0.02,0
0.0,0.0,0
0.0,4.45,0
0.0,0.02,0
0.0,0.12,0
28.0,3.56,0
0.0,0.06,0
0.0,0.04,0
0.0,0.09,0
0.0,0.0,0
0.0,0.07,0
0.0,0.0,0
0.0,0.08,0
0.0,0.01,0
0.0,0.08,0
0.0,0.55,0
0.0,0.01,0
0.0,0.07,0
0.0,0.03,0
0.0,0.01,0
0.0,0.38,0
0.0,0.0,0
0.0,0.13,0
0.0,0.09,0
0.0,0.03,0
0.0,0.05,1
0.0,0.13,0
0.0,0.04,0
0.0,0.01,0
0.0,0.05,0
0.0,0.09,0
0.0,0.05,0
0.0,0.01,0
1213.5,0.0,0
0.0,0.0,0
0.0,0.43,0
0.0,0.76,0
0.0,0.02,1
0.0,0.4,0
0.0,0.0,0
0.0,1.67,0
0.0,0.07,0
0.0,0.03,0
0.0,0.05,0
0.0,0.01,0
0.0,0.05,0
0.0,0.04,0
0.0,0.01,0
0.0,0.01,0
0.0,0.09,0
0.0,0.0,0
0.0,0.17,0
0.0,0.17,0
0.0,0.04,0
0.0,0.47,0
0.0,0.12,0
0.0,0.0,0
0.0,0.0,0
0.0,0.03,0
0.0,0.14,0
0.0,0.01,0
0.0,0.03,0
0.0,0.23,0
0.0,0.0,0
0.0,0.01,0
0.0,0.01,0
0.0,0.03,0
0.0,0.07,0
0.0,0.03,0
0.0,0.02,0
0.0,0.02,0
0.0,0.01,0
0.0,0.06,0
0.0,0.11,0
0.0,0.03,0
0.0,0.01,0
0.0,0.03,0
0.0,0.0,0
0.0,0.0,0
0.0,0.11,0
0.0,0.04,0
0.0,0.03,0
0.0,0.04,0
0.0,0.0,0
0.0,0.02,0
0.0,0.43,0
0.0,0.04,0
0.0,0.0,0
0.0,0.03,0
0.0,0.01,0
0.0,0.01,0
0.0,0.01,0
0.0,0.0,0
0.0,0.0,0
0.0,0.04,0
0.0,0.06,0
0.0,0.0,0
0.0,0.01,0
0.0,0.01,0
0.0,0.08,0
0.0,0.01,0
0.0,0.11,0
0.0,0.1,0
0.0,0.06,0
0.0,0.01,0
0.0,0.12,1
0.0,0.03,0
0.0,0.01,0
0.0,0.01,0
0.0,0.03,0
0.0,0.01,0
0.0,0.01,0
0.0,0.02,0
0.0,0.01,0
0.0,0.07,0
0.0,0.02,0
0.0,0.08,0
0.0,0.02,0
0.0,0.03,0
0.0,0.04,0
0.0,0.01,0
0.0,0.02,0
0.0,0.0,0
0.0,0.01,0
0.0,0.02,0
0.0,0.04,0
0.0,0.0,0
0.0,0.15,0
0.0,0.01,0
0.0,0.0,0
0.0,0.01,0
0.0,0.12,0
0.0,0.07,0
0.0,0.02,0
0.0,0.01,0
0.0,0.01,0
0.0,0.08,0
0.0,0.19,0
0.0,0.03,0
0.0,0.05,0
0.0,0.04,0
0.0,0.0,0
0.0,0.1,0
0.0,0.09,0
0.0,0.06,0
0.0,0.03,0
0.0,0.0,0
0.0,0.03,0
0.0,0.0,0
0.0,0.12,0
0.0,0.0,0
0.0,0.0,0
0.0,0.01,0
0.0,0.08,0
0.0,0.01,0
0.0,0.01,0
0.0,0.05,0
0.0,0.06,0
0.0,0.0,0
0.0,0.05,0
0.0,0.01,0
0.0,0.0,0
0.0,0.01,0
0.0,0.94,0
0.0,0.02,0
0.0,0.43,0
0.0,0.13,1
0.0,0.0,0
0.0,0.01,0
0.0,0.4,0
0.0,0.04,0
0.0,0.01,0
0.0,0.22,0
0.0,0.02,0
0.0,0.03,0
0.0,0.02,0
0.0,0.03,0
0.0,0.18,0
0.0,0.1,0
0.0,0.37,0
0.0,0.07,0
0.0,0.18,0
0.0,0.26,0
0.0,0.04,0
0.0,0.0,0
0.0,0.06,0
0.0,0.01,0
0.0,0.0,0
0.0,0.04,0
0.0,0.22,0
0.0,0.03,0
0.0,0.25,0
0.0,0.07,0
84.9,0.06,0
0.0,0.05,0
0.0,0.02,0
0.0,0.1,0
0.0,0.06,0
0.0,0.03,0
0.0,0.07,0
0.0,0.07,0
0.0,0.01,0
0.0,0.03,0
0.0,0.18,0
0.0,0.37,0
0.0,0.14,0
0.0,0.19,0
0.0,0.07,0
0.0,0.02,0
0.0,0.0,0
0.0,0.35,0
0.0,0.0,0
0.0,0.01,0
0.0,0.62,0
0.0,0.0,0
0.0,0.1,0
0.0,0.1,0
0.0,0.06,0
0.0,0.12,0
0.0,0.03,0
0.0,0.01,0
0.0,0.01,0
0.0,0.01,0
0.0,0.03,0
0.0,0.04,0
0.0,0.03,0
0.0,0.03,0
0.0,0.07,0
0.0,0.03,0
0.0,0.08,0
0.0,0.53,0
0.0,0.06,0
0.0,0.05,0
0.0,0.04,0
0.0,0.03,0
0.0,0.0,0
0.0,0.04,0
0.0,0.1,0
0.0,0.01,0
0.0,0.0,0
0.0,0.06,0
0.0,0.03,0
0.0,1.17,0
0.0,0.01,0
0.0,0.05,0
0.0,0.01,0
0.0,0.02,0
0.0,0.03,0
0.0,0.33,0
0.0,0.33,0
0.0,0.08,0
0.0,0.02,0
0.0,0.06,0
0.0,0.01,0
0.0,0.01,0
0.0,0.15,0
0.0,0.03,0
0.0,0.0,0
0.0,0.0,0
0.0,0.13,0
0.0,0.42,0
0.0,0.05,0
0.0,0.11,0
0.0,0.26,0
0.0,0.16,0
0.0,0.03,0
0.0,0.02,0
0.0,0.02,0
0.0,0.0,0
0.0,4.47,0
0.0,0.02,0
0.0,0.12,0
28.2,3.62,0
0.0,0.06,0
0.0,0.04,0
0.0,0.09,0
0.0,0.0,0
0.0,0.07,0
0.0,0.0,0
0.0,0.08,0
0.0,0.01,0
0.0,0.08,0
0.0,0.55,0
0.0,0.01,0
0.0,0.07,0
0.0,0.03,0
0.0,0.01,0
0.0,0.38,0
0.0,0.0,0
0.0,0.15,0
0.0,0.09,0
0.0,0.03,0
0.0,0.05,1
0.0,0.14,0
0.0,0.04,0
0.0,0.01,0
0.0,0.05,0
0.0,0.09,0
0.0,0.05,0
0.0,0.01,0
1051.9,0.0,0
28.4,0.0,0
0.0,0.43,0
0.0,0.76,0
0.0,0.02,1
0.0,0.4,0
0.0,0.0,0
0.0,1.68,0
0.0,0.07,0
0.0,0.03,0
0.0,0.05,0
0.0,0.01,0
0.0,0.05,0
0.0,0.04,0
0.0,0.01,0
0.0,0.01,0
0.0,0.09,0
0.0,0.0,0
0.0,0.18,0
0.0,0.17,0
0.0,0.04,0
0.0,0.47,0
0.0,0.14,0
0.0,0.0,0
0.0,0.0,0
0.0,0.03,0
0.0,0.14,0
0.0,0.01,0
0.0,0.03,0
0.0,0.23,0
0.0,0.0,0
0.0,0.01,0
0.0,0.01,0
0.0,0.03,0
0.0,0.07,0
0.0,0.08,0
0.0,0.02,0
0.0,0.02,0
0.0,0.01,0
0.0,0.06,0
0.0,0.14,0
0.0,0.03,0
0.0,0.01,0
0.0,0.07,0
0.0,0.0,0
0.0,0.0,0
0.0,0.11,0
0.0,0.15,0
0.0,0.06,0
0.0,0.04,0
0.0,0.0,0
0.0,0.02,0
0.0,0.49,0
0.0,0.04,0
0.0,0.0,0
0.0,0.03,0
0.0,0.01,0
0.0,0.01,0
0.0,0.01,0
0.0,0.0,0
0.0,0.0,0
0.0,0.05,0
0.0,0.06,0
0.0,0.0,0
0.0,0.01,0
0.0,0.01,0
0.0,0.1,0
0.0,0.01,0
0.0,0.11,0
0.0,0.11,0
0.0,0.06,0
0.0,0.01,0
0.0,0.12,1
0.0,0.03,0
0.0,0.01,0
0.0,0.01,0
0.0,0.04,0
0.0,0.01,0
0.0,0.01,0
0.0,0.02,0
0.0,0.01,0
0.0,0.07,0
0.0,0.02,0
0.0,0.08,0
0.0,0.02,0
0.0,0.03,0
0.0,0.04,0
0.0,0.01,0
0.0,0.02,0
0.0,0.0,0
0.0,0.01,0
0.0,0.02,0
0.0,0.04,0
0.0,0.0,0
0.0,0.16,0
0.0,0.01,0
0.0,0.0,0
0.0,0.01,0
0.0,0.12,0
0.0,0.07,0
0.0,0.02,0
0.0,0.01,0
0.0,0.01,0
0.0,0.08,0
0.0,0.19,0
0.0,0.03,0
0.0,0.05,0
0.0,0.04,0
0.0,0.0,0
0.0,0.1,0
0.0,0.09,0
0.0,0.06,0
0.0,0.03,0
0.0,0.0,0
0.0,0.03,0
0.0,0.0,0
0.0,0.13,0
0.0,0.0,0
0.0,0.0,0
0.0,0.01,0
0.0,0.24,0
0.0,0.01,0
0.0,0.01,0
0.0,0.05,0
0.0,0.07,0
0.0,0.0,0
0.0,0.05,0
0.0,0.01,0
0.0,0.0,0
0.0,0.01,0
0.0,0.98,0
0.0,0.02,0
0.0,0.44,0
0.0,0.13,1
0.0,0.0,0
0.0,0.01,0
0.0,0.41,0
0.0,0.04,0
0.0,0.01,0
0.0,0.22,0
0.0,0.02,0
0.0,0.03,0
0.0,0.02,0
0.0,0.03,0
0.0,0.18,0
0.0,0.1,0
0.0,0.37,0
0.0,0.07,0
0.0,0.18,0
0.0,0.26,0
0.0,0.04,0
0.0,0.0,0
0.0,0.24,0
0.0,0.01,0
0.0,0.0,0
0.0,0.04,0
0.0,0.22,0
0.0,0.03,0
0.0,0.25,0
0.0,0.07,0
113.3,0.06,0
0.0,0.05,0
0.0,0.02,0
0.0,0.1,0
0.0,0.06,0
0.0,0.03,0
0.0,0.07,0
0.0,0.07,0
0.0,0.01,0
0.0,0.03,0
0.0,0.18,0
0.0,0.37,0
0.0,0.19,0
0.0,0.08,0
0.0,0.02,0
0.0,0.0,0
0.0,0.48,0
0.0,0.0,0
0.0,0.01,0
0.0,0.63,0
0.0,0.0,0
0.0,0.1,0
0.0,0.1,0
0.0,0.06,0
0.0,0.18,0
0.0,0.03,0
0.0,0.01,0
0.0,0.01,0
0.0,0.01,0
0.0,0.03,0
0.0,0.04,0
0.0,0.03,0
0.0,0.03,0
0.0,0.07,0
0.0,0.03,0
0.0,0.08,0
0.0,0.54,0
0.0,0.06,0
0.0,0.05,0
0.0,0.04,0
0.0,0.03,0
0.0,0.0,0
0.0,0.04,0
0.0,0.11,0
0.0,0.01,0
0.0,0.0,0
0.0,0.06,0
0.0,0.03,0
0.0,1.21,0
0.0,0.01,0
0.0,0.05,0
0.0,0.01,0
0.0,0.02,0
0.0,0.03,0
0.0,0.33,0
0.0,0.33,0
0.0,0.08,0
0.0,0.02,0
0.0,0.06,0
0.0,0.01,0
0.0,0.01,0
0.0,0.18,0
0.0,0.03,0
0.0,0.0,0
0.0,0.0,0
0.0,0.13,0
0.0,0.42,0
0.0,0.05,0
0.0,0.11,0
0.0,0.26,0
0.0,0.16,0
0.0,0.03,0
0.0,0.02,0
0.0,0.02,0
0.0,0.0,0
0.0,4.48,0
0.0,0.02,0
0.0,0.12,0
0.0,3.41,0
0.0,0.06,0
0.0,0.04,0
0.0,0.09,0
0.0,0.0,0
0.0,0.07,0
0.0,0.0,0
0.0,0.08,0
0.0,0.01,0
0.0,0.08,0
0.0,0.55,0
0.0,0.01,0
0.0,0.07,0
0.0,0.03,0
0.0,0.01,0
0.0,0.38,0
0.0,0.0,0
0.0,0.15,0
0.0,0.09,0
0.0,0.03,0
0.0,0.07,1
0.0,0.14,0
0.0,0.04,0
0.0,0.01,0
0.0,0.05,0
0.0,0.09,0
0.0,0.05,0
0.0,0.01,0
1111.4,0.0,0
114.7,0.0,0
0.0,0.43,0
0.0,0.76,0
0.0,0.02,1
0.0,0.4,0
0.0,0.0,0
0.0,1.68,0
0.0,0.1,0
0.0,0.03,0
0.0,0.05,0
0.0,0.01,0
0.0,0.05,0
0.0,0.04,0
0.0,0.01,0
0.0,0.01,0
0.0,0.09,0
0.0,0.0,0
0.0,0.17,0
0.0,0.17,0
0.0,0.04,0
0.0,0.47,0
0.0,0.14,0
0.0,0.0,0
0.0,0.0,0
0.0,0.03,0
0.0,0.14,0
0.0,0.01,0
0.0,0.03,0
0.0,0.01,0
0.0,0.0,0
0.0,0.0,0
0.0,0.0,0
0.0,0.0,0
0.0,0.03,0
0.0,0.0,0
0.0,0.0,0
0.0,0.0,0
0.0,0.0,0
0.0,0.0,0
0.0,0.01,0
0.0,0.0,0
0.0,0.0,0
0.0,0.0,0
0.0,0.0,0
0.0,0.0,0
0.0,0.0,0
0.0,0.0,0
0.0,0.0,0
0.0,0.0,0
0.0,0.0,0
0.0,0.0,0
0.0,0.02,0
0.0,0.0,0
0.0,0.0,0
0.0,0.0,0
0.0,0.0,0
0.0,0.0,0
0.0,0.0,0
0.0,0.0,0
0.0,0.0,0
0.0,0.0,0
0.0,0.0,0
0.0,0.0,0
0.0,0.0,0
0.0,0.0,0
0.0,0.0,0
0.0,0.0,0
0.0,0.25,0
0.0,0.03,0
0.0,0.0,0
0.0,0.0,0
0.0,0.07,1
0.0,0.0,0
0.0,0.0,0
0.0,0.0,0
0.0,0.0,0
0.0,0.0,0
0.0,0.0,0
0.0,0.0,0
0.0,0.0,0
0.0,0.01,0
0.0,0.0,0
0.0,0.0,0
0.0,0.0,0
0.0,0.0,0
0.0,0.0,0
0.0,0.0,0
0.0,0.0,0
0.0,0.0,0
0.0,0.0,0
0.0,0.0,0
0.0,0.0,0
0.0,0.0,0
0.0,0.03,0
0.0,0.01,0
0.0,0.0,0
0.0,0.0,0
0.0,0.0,0
0.0,0.0,0
0.0,0.0,0
0.0,0.0,0
0.0,0.0,0
0.0,0.0,0
0.0,0.0,0
0.0,0.0,0
0.0,0.0,0
0.0,0.0,0
0.0,0.0,0
0.0,0.0,0
0.0,0.04,0
0.0,0.02,0
0.0,0.01,0
0.0,0.0,0
0.0,0.0,0
0.0,0.0,0
0.0,0.1,0
0.0,0.0,0
0.0,0.0,0
0.0,0.0,0
0.0,0.0,0
0.0,0.0,0
0.0,0.0,0
0.0,0.0,0
0.0,0.0,0
0.0,0.0,0
0.0,0.0,0
0.0,0.0,0
0.0,0.0,0
0.0,0.0,0
0.0,0.2,0
0.0,0.0,0
0.0,0.06,0
0.0,0.05,1
0.0,0.0,0
0.0,0.01,0
0.0,0.28,0
0.0,0.0,0
0.0,0.0,0
0.0,0.0,0
0.0,0.0,0
0.0,0.0,0
0.0,0.02,0
0.0,0.0,0
0.0,0.0,0
0.0,0.09,0
0.0,0.01,0
0.0,0.0,0
0.0,0.0,0
0.0,0.05,0
0.0,0.01,0
0.0,0.0,0
0.0,0.0,0
0.0,0.0,0
0.0,0.0,0
0.0,0.0,0
0.0,0.0,0
0.0,0.22,0
0.0,0.0,0
0.0,0.04,0
0.0,0.0,0
83.7,0.01,0
0.0,0.05,0
0.0,0.0,0
0.0,0.01,0
0.0,0.02,0
0.0,0.0,0
0.0,0.04,0
0.0,0.01,0
0.0,0.0,0
0.0,0.0,0
55.5,0.14,0
0.0,0.08,0
0.0,0.1,0
0.0,0.08,0
0.0,0.01,0
0.0,0.0,0
0.0,0.14,0
0.0,0.0,0
0.0,0.0,0
0.0,0.1,0
0.0,0.0,0
0.0,0.1,0
0.0,0.03,0
0.0,0.02,0
0.0,0.0,0
0.0,0.0,0
0.0,0.01,0
0.0,0.0,0
0.0,0.0,0
0.0,0.0,0
0.0,0.0,0
0.0,0.0,0
0.0,0.0,0
0.0,0.0,0
0.0,0.0,0
0.0,0.03,0
0.0,0.28,0
0.0,0.0,0
0.0,0.01,0
0.0,0.04,0
0.0,0.0,0
0.0,0.0,0
0.0,0.0,0
0.0,0.03,0
0.0,0.0,0
0.0,0.0,0
0.0,0.0,0
0.0,0.0,0
0.0,1.24,0
0.0,0.01,0
0.0,0.01,0
0.0,0.01,0
0.0,0.0,0
0.0,0.0,0
0.0,0.1,0
0.0,0.0,0
0.0,0.0,0
0.0,0.0,0
0.0,0.06,0
0.0,0.01,0
0.0,0.01,0
0.0,0.04,0
0.0,0.0,0
0.0,0.0,0
0.0,0.0,0
0.0,0.08,0
0.0,0.03,0
0.0,0.01,0
0.0,0.01,0
0.0,0.0,0
0.0,0.02,0
0.0,0.0,0
0.0,0.0,0
0.0,0.0,0
0.0,0.0,0
0.0,0.53,0
0.0,0.0,0
0.0,0.03,0
58.0,3.41,0
0.0,0.0,0
0.0,0.0,0
0.0,0.02,0
0.0,0.0,0
0.0,0.0,0
0.0,0.0,0
0.0,0.02,0
0.0,0.01,0
0.0,0.03,0
0.0,0.55,0
0.0,0.01,0
0.0,0.0,0
0.0,0.01,0
0.0,0.0,0
0.0,0.04,0
0.0,0.0,0
0.0,0.0,0
0.0,0.02,0
0.0,0.0,0
0.0,0.01,1
0.0,0.1,0
0.0,0.02,0
0.0,0.0,0
0.0,0.0,0
0.0,0.02,0
0.0,0.01,0
0.0,0.0,0
1035.1,0.0,0
28.2,0.0,0
0.0,0.43,0
0.0,0.76,0
0.0,0.0,1
0.0,0.08,0
0.0,0.0,0
0.0,0.83,0
0.0,0.02,0
0.0,0.03,0
0.0,0.01,0
0.0,0.01,0
0.0,0.05,0
0.0,0.01,0
0.0,0.0,0
0.0,0.0,0
0.0,0.09,0
0.0,0.0,0
0.0,0.17,0
0.0,0.0,0
0.0,0.0,0
0.0,0.09,0
0.0,0.04,0
0.0,0.0,0
0.0,0.0,0
0.0,0.0,0
0.0,0.14,0
0.0,0.0,0
0.0,0.03,0
0.0,0.14,0
0.0,0.0,0
0.0,0.01,0
0.0,0.0,0
0.0,0.0,0
0.0,0.07,0
0.0,0.01,0
0.0,0.0,0
0.0,0.07,0
0.0,0.0,0
0.0,0.02,0
0.0,0.09,0
0.0,0.02,0
0.0,0.0,0
0.0,0.04,0
0.0,0.0,0
0.0,0.0,0
0.0,0.07,0
0.0,0.14,0
0.0,0.03,0
0.0,0.03,0
0.0,0.0,0
0.0,0.01,0
0.0,0.02,0
0.0,0.0,0
0.0,0.0,0
0.0,0.01,0
0.0,0.0,0
0.0,0.0,0
0.0,0.01,0
0.0,0.0,0
0.0,0.0,0
0.0,0.02,0
0.0,0.0,0
0.0,0.0,0
0.0,0.01,0
0.0,0.0,0
0.0,0.31,0
0.0,0.0,0
0.0,0.28,0
0.0,0.03,0
0.0,0.0,0
0.0,0.01,0
0.0,0.1,1
0.0,0.02,0
0.0,0.02,0
0.0,0.0,0
0.0,0.0,0
0.0,0.0,0
0.0,0.0,0
0.0,0.0,0
0.0,0.0,0
0.0,0.04,0
0.0,0.0,0
0.0,0.0,0
0.0,0.0,0
0.0,0.0,0
0.0,0.0,0
0.0,0.0,0
0.0,0.0,0
0.0,0.0,0
0.0,0.0,0
0.0,0.0,0
0.0,0.0,0
0.0,0.0,0
0.0,0.14,0
0.0,0.01,0
0.0,0.0,0
0.0,0.0,0
0.0,0.06,0
0.0,0.01,0
0.0,0.0,0
0.0,0.0,0
0.0,0.01,0
0.0,0.0,0
0.0,0.0,0
0.0,0.01,0
0.0,0.0,0
0.0,0.0,0
0.0,0.0,0
0.0,0.13,0
0.0,0.05,0
0.0,0.02,0
0.0,0.01,0
0.0,0.0,0
0.0,0.0,0
0.0,0.0,0
0.0,0.2,0
0.0,0.0,0
0.0,0.0,0
0.0,0.0,0
0.0,0.01,0
0.0,0.0,0
0.0,0.0,0
0.0,0.0,0
0.0,0.0,0
0.0,0.0,0
0.0,0.11,0
0.0,0.0,0
0.0,0.0,0
0.0,0.0,0
0.0,0.57,0
0.0,0.02,0
0.0,0.32,0
0.0,0.11,1
0.0,0.0,0
0.0,0.01,0
0.0,0.33,0
0.0,0.04,0
0.0,0.04,0
0.0,0.01,0
0.0,0.0,0
0.0,0.0,0
0.0,0.02,0
0.0,0.0,0
0.0,0.0,0
0.0,0.1,0
0.0,0.04,0
0.0,0.01,0
0.0,0.05,0
0.0,0.06,0
0.0,0.23,0
0.0,0.01,0
0.0,0.0,0
0.0,0.04,0
0.0,0.0,0
0.0,0.0,0
0.0,0.03,0
0.0,0.22,0
0.0,0.0,0
0.0,0.21,0
0.0,0.01,0
56.2,0.01,0
0.0,0.05,0
0.0,0.02,0
0.0,0.03,0
0.0,0.06,0
0.0,0.02,0
0.0,0.06,0
0.0,0.03,0
0.0,0.05,0
0.0,0.03,0
0.0,0.16,0
0.0,0.12,0
0.0,0.12,0
0.0,0.08,0
0.0,0.01,0
0.0,0.0,0
0.0,0.16,0
0.0,0.0,0
0.0,0.0,0
0.0,0.12,0
0.0,0.0,0
0.0,0.1,0
0.0,0.05,0
0.0,0.04,0
0.0,0.06,0
0.0,0.0,0
0.0,0.01,0
0.0,0.0,0
0.0,0.0,0
0.0,0.04,0
0.0,0.03,0
0.0,0.0,0
0.0,0.0,0
0.0,0.03,0
0.0,0.03,0
0.0,0.03,0
31.0,0.45,0
0.0,0.04,0
0.0,0.03,0
0.0,0.06,0
0.0,0.0,0
0.0,0.0,0
0.0,0.0,0
0.0,0.05,0
0.0,0.0,0
0.0,0.0,0
0.0,0.02,0
0.0,0.02,0
0.0,1.17,0
0.0,0.01,0
0.0,0.01,0
0.0,0.01,0
0.0,0.06,0
0.0,0.0,0
0.0,0.11,0
0.0,0.17,0
0.0,0.05,0
0.0,0.0,0
0.0,0.06,0
0.0,0.02,0
0.0,0.01,0
0.0,0.04,0
0.0,0.03,0
0.0,0.0,0
0.0,0.0,0
0.0,0.08,0
0.0,0.11,0
0.0,0.04,0
0.0,0.03,0
0.0,0.09,0
0.0,0.04,0
0.0,0.03,0
0.0,0.0,0
0.0,0.01,0
0.0,0.0,0
0.0,0.94,0
0.0,0.0,0
0.0,0.06,0
0.0,3.48,0
0.0,0.02,0
0.0,0.04,0
0.0,0.03,0
0.0,0.0,0
0.0,0.03,0
0.0,0.0,0
0.0,0.03,0
0.0,0.01,0
0.0,0.03,0
0.0,0.64,0
0.0,0.01,0
0.0,0.04,0
0.0,0.03,0
0.0,0.01,0
0.0,0.15,0
0.0,0.0,0
0.0,0.04,0
0.0,0.05,0
0.0,0.0,0
0.0,0.01,1
0.0,0.1,0
0.0,0.19,0
0.0,0.0,0
0.0,0.01,0
0.0,0.04,0
0.0,0.01,0
0.0,0.01,0
930.8,0.0,0
0.0,0.0,0
0.0,0.43,0
0.0,0.78,0
0.0,0.0,1
0.0,0.1,0
0.0,0.0,0
0.0,1.21,0
0.0,0.02,0
0.0,0.03,0
0.0,0.07,0
0.0,0.01,0
0.0,0.05,0
0.0,0.02,0
0.0,0.01,0
0.0,0.01,0
0.0,0.09,0
0.0,0.0,0
0.0,0.18,0
0.0,0.04,0
0.0,0.17,0
0.0,0.15,0
0.0,0.27,0
0.0,0.0,0
0.0,0.0,0
0.0,0.02,0
0.0,0.21,0
0.0,0.17,0
0.0,0.02,0
0.0,0.04,0
0.0,0.15,0
0.0,0.0,0
0.0,0.01,0
0.0,0.01,0
0.0,0.1,0
0.0,0.08,0
0.0,0.09,0
0.0,0.0,0
0.0,0.07,0
0.0,0.08,0
0.0,0.06,0
0.0,0.11,0
0.0,0.02,0
0.0,0.01,0
0.0,0.07,0
0.0,0.0,0
0.0,0.0,0
0.0,0.11,0
0.0,0.14,0
0.0,0.07,0
0.0,0.03,0
0.0,0.0,0
0.0,0.05,0
0.0,0.05,0
0.0,0.01,0
0.0,0.0,0
0.0,0.04,0
0.0,0.01,0
0.0,0.01,0
0.0,0.01,0
0.0,0.0,0
0.0,0.0,0
0.0,0.08,0
0.0,0.05,0
0.0,0.0,0
0.0,0.01,0
0.0,0.01,0
0.0,0.33,0
0.0,0.01,0
0.0,0.32,0
0.0,0.06,0
0.0,0.07,0
0.0,0.01,0
0.0,0.11,1
0.0,0.05,0
0.0,0.02,0
0.0,0.01,0
0.0,0.01,0
0.0,0.01,0
0.0,0.01,0
0.0,0.0,0
0.0,0.01,0
0.0,0.06,0
0.0,0.01,0
0.0,0.0,0
0.0,0.0,0
0.0,0.01,0
0.0,0.03,0
0.0,0.01,0
0.0,0.0,0
0.0,0.0,0
0.0,0.01,0
0.0,0.05,0
0.0,0.01,0
0.0,0.0,0
0.0,0.14,0
0.0,0.01,0
0.0,0.01,0
0.0,0.01,0
0.0,0.15,0
0.0,0.18,0
0.0,0.02,0
0.0,0.01,0
0.0,0.01,0
0.0,0.08,0
0.0,0.04,0
0.0,0.01,0
0.0,0.03,0
0.0,0.04,0
0.0,0.0,0
0.0,0.13,0
0.0,0.29,0
0.0,0.05,0
0.0,0.06,0
0.0,0.03,0
0.0,0.57,0
0.0,0.0,0
0.0,0.03,0
0.0,0.0,0
0.0,0.21,0
0.0,0.0,0
0.0,0.0,0
0.0,0.01,0
0.0,0.03,0
0.0,0.01,0
0.0,0.01,0
0.0,0.03,0
0.0,0.02,0
0.0,0.0,0
0.0,0.15,0
0.0,0.15,0
0.0,0.01,0
0.0,0.0,0
0.0,0.01,0
0.0,0.81,0
0.0,0.02,0
0.0,0.32,0
0.0,0.12,1
0.0,0.0,0
0.0,0.01,0
0.0,0.37,0
0.0,0.04,0
0.0,0.05,0
0.0,0.14,0
0.0,0.01,0
0.0,0.02,0
0.0,0.02,0
0.0,0.28,0
0.0,0.7,0
0.0,0.1,0
0.0,0.2,0
0.0,0.07,0
0.0,0.07,0
0.0,0.16,0
0.0,0.25,0
0.0,0.01,0
0.0,0.0,0
0.0,0.06,0
0.0,0.01,0
0.0,0.0,0
0.0,0.03,0
0.0,0.29,0
0.0,0.0,0
0.0,0.32,0
0.0,0.01,0
0.0,0.03,0
0.0,0.05,0
0.0,0.02,0
0.0,0.07,0
0.0,0.06,0
0.0,0.02,0
0.0,0.06,0
0.0,0.03,0
0.0,0.23,0
0.0,0.03,0
0.0,0.16,0
0.0,0.12,0
0.0,0.12,0
0.0,0.07,0
0.0,0.01,0
0.0,0.01,0
0.0,0.2,0
0.0,0.0,0
0.0,0.01,0
0.0,0.27,0
0.0,0.0,0
0.0,0.09,0
0.0,0.39,0
0.0,0.06,0
0.0,0.11,0
0.0,0.09,0
0.0,0.01,0
0.0,0.0,0
0.0,0.01,0
0.0,0.04,0
0.0,0.03,0
0.0,0.04,0
0.0,0.14,0
0.0,0.07,0
0.0,0.03,0
0.0,0.03,0
0.0,0.5,0
0.0,0.06,0
0.0,0.03,0
0.0,0.08,0
0.0,0.03,0
0.0,0.0,0
0.0,0.02,0
0.0,0.1,0
0.0,0.01,0
0.0,0.0,0
0.0,0.04,0
0.0,0.02,0
0.0,1.11,0
0.0,0.01,0
0.0,0.04,0
0.0,0.01,0
0.0,0.06,0
0.0,0.01,0
0.0,0.43,0
0.0,0.18,0
0.0,0.06,0
0.0,0.0,0
0.0,0.06,0
0.0,0.02,0
0.0,0.01,0
0.0,0.05,0
0.0,0.03,0
0.0,0.0,0
0.0,0.0,0
0.0,0.1,0
0.0,0.11,0
0.0,0.05,0
0.0,0.04,0
0.0,0.35,0
0.0,0.12,0
0.0,0.12,0
0.0,0.03,0
0.0,0.01,0
0.0,0.03,0
0.0,0.0,0
0.0,4.34,0
0.0,0.0,0
0.0,0.13,0
0.0,2.62,0
0.0,0.15,0
0.0,0.02,0
0.0,0.04,0
0.0,0.03,0
0.0,0.0,0
0.0,0.07,0
0.0,0.0,0
0.0,0.03,0
0.0,0.01,0
0.0,0.32,0
0.0,0.74,0
0.0,0.01,0
0.0,0.04,0
0.0,0.03,0
0.0,0.01,0
0.0,0.7,0
0.0,0.0,0
0.0,0.11,0
0.0,0.05,0
0.0,0.03,0
0.0,0.01,1
0.0,0.1,0
0.0,0.19,0
0.0,0.0,0
0.0,0.01,0
0.0,0.09,0
0.0,0.07,0
0.0,0.01,0
865.6,0.0,0
0.0,0.0,0
0.0,0.43,0
0.0,0.78,0
0.0,0.0,1
0.0,0.1,0
0.0,0.0,0
0.0,1.29,0
0.0,0.03,0
0.0,0.03,0
0.0,0.07,0
0.0,0.01,0
0.0,0.04,0
0.0,0.02,0
0.0,0.01,0
0.0,0.01,0
0.0,0.09,0
0.0,0.0,0
0.0,0.18,0
0.0,0.04,0
0.0,0.17,0
0.0,0.26,0
0.0,0.28,0
0.0,0.0,0
0.0,0.0,0
0.0,0.02,0
0.0,0.21,0
0.0,0.17,0
0.0,0.02,0
0.0,0.04,0
0.0,0.15,0
0.0,0.0,0
0.0,0.01,0
0.0,0.01,0
0.0,0.1,0
0.0,0.06,0
0.0,0.09,0
0.0,0.02,0
0.0,0.07,0
0.0,0.08,0
0.0,0.07,0
0.0,0.11,0
0.0,0.02,0
0.0,0.01,0
0.0,0.07,0
0.0,0.0,0
0.0,0.0,0
0.0,0.11,0
0.0,0.14,0
0.0,0.07,0
0.0,0.03,0
0.0,0.0,0
0.0,0.05,0
0.0,0.24,0
0.0,0.01,0
0.0,0.0,0
0.0,0.04,0
0.0,0.01,0
0.0,0.01,0
0.0,0.01,0
0.0,0.0,0
0.0,0.0,0
0.0,0.08,0
0.0,0.06,0
0.0,0.0,0
0.0,0.01,0
0.0,0.01,0
0.0,0.33,0
0.0,0.01,0
0.0,0.32,0
0.0,0.1,0
0.0,0.09,0
0.0,0.01,0
0.0,0.11,1
0.0,0.09,0
0.0,0.02,0
0.0,0.01,0
0.0,0.01,0
0.0,0.01,0
0.0,0.01,0
0.0,0.01,0
0.0,0.01,0
0.0,0.06,0
0.0,0.01,0
0.0,0.01,0
0.0,0.01,0
0.0,0.01,0
0.0,0.03,0
0.0,0.01,0
0.0,0.01,0
0.0,0.0,0
0.0,0.01,0
0.0,0.05,0
0.0,0.01,0
0.0,0.0,0
0.0,0.14,0
0.0,0.01,0
0.0,0.01,0
0.0,0.01,0
0.0,0.15,0
0.0,0.18,0
0.0,0.02,0
0.0,0.01,0
0.0,0.01,0
0.0,0.08,0
0.0,0.04,0
0.0,0.02,0
0.0,0.03,0
0.0,0.04,0
0.0,0.0,0
0.0,0.14,0
0.0,0.23,0
0.0,0.06,0
0.0,0.06,0
0.0,0.03,0
0.0,0.47,0
0.0,0.0,0
0.0,0.03,0
0.0,0.0,0
0.0,0.21,0
0.0,0.0,0
0.0,0.0,0
0.0,0.01,0
0.0,0.06,0
0.0,0.01,0
0.0,0.01,0
0.0,0.03,0
0.0,0.03,0
0.0,0.0,0
0.0,0.15,0
0.0,0.15,0
0.0,0.01,0
0.0,0.0,0
0.0,0.01,0
0.0,0.82,0
0.0,0.02,0
28.5,0.33,0
0.0,0.12,1
0.0,0.0,0
0.0,0.01,0
0.0,0.38,0
0.0,0.04,0
0.0,0.05,0
0.0,0.14,0
0.0,0.02,0
0.0,0.02,0
0.0,0.02,0
0.0,0.28,0
0.0,0.71,0
0.0,0.1,0
0.0,0.2,0
0.0,0.07,0
0.0,0.07,0
0.0,0.16,0
0.0,0.25,0
0.0,0.01,0
0.0,0.0,0
0.0,0.06,0
0.0,0.01,0
0.0,0.0,0
0.0,0.04,0
0.0,0.3,0
0.0,0.0,0
0.0,0.32,0
0.0,0.04,0
85.8,0.03,0
0.0,0.05,0
0.0,0.02,0
0.0,0.09,0
0.0,0.06,0
0.0,0.03,0
0.0,0.07,0
0.0,0.03,0
0.0,0.23,0
0.0,0.03,0
0.0,0.17,0
0.0,0.2,0
0.0,0.12,0
0.0,0.07,0
0.0,0.01,0
0.0,0.01,0
0.0,0.26,0
0.0,0.0,0
0.0,0.01,0
0.0,0.3,0
0.0,0.0,0
0.0,0.09,0
0.0,0.39,0
0.0,0.06,0
0.0,0.11,0
0.0,0.09,0
0.0,0.01,0
0.0,0.01,0
0.0,0.01,0
0.0,0.04,0
0.0,0.03,0
0.0,0.04,0
0.0,0.14,0
0.0,0.07,0
0.0,0.03,0
0.0,0.03,0
0.0,0.51,0
0.0,0.06,0
0.0,0.04,0
0.0,0.08,0
0.0,0.04,0
0.0,0.0,0
0.0,0.02,0
0.0,0.1,0
0.0,0.01,0
0.0,0.0,0
0.0,0.05,0
0.0,0.02,0
0.0,1.29,0
0.0,0.01,0
0.0,0.04,0
0.0,0.01,0
0.0,0.06,0
0.0,0.01,0
0.0,0.43,0
0.0,0.19,0
0.0,0.08,0
0.0,0.0,0
0.0,0.06,0
0.0,0.02,0
0.0,0.01,0
0.0,0.12,0
0.0,0.08,0
0.0,0.03,0
0.0,0.0,0
0.0,0.0,0
0.0,0.14,0
0.0,0.12,0
0.0,0.05,0
0.0,0.04,0
0.0,0.3,0
0.0,0.12,0
0.0,0.12,0
0.0,0.03,0
0.0,0.01,0
0.0,0.03,0
0.0,0.0,0
0.0,4.34,0
0.0,0.01,0
0.0,0.13,0
0.0,2.79,0
0.0,0.15,0
0.0,0.02,0
0.0,0.04,0
0.0,0.03,0
0.0,0.0,0
0.0,0.07,0
0.0,0.0,0
0.0,0.08,0
0.0,0.01,0
0.0,0.32,0
0.0,1.34,0
0.0,0.01,0
0.0,0.04,0
0.0,0.03,0
0.0,0.2,0
0.0,0.01,0
0.0,0.71,0
0.0,0.0,0
0.0,0.11,0
0.0,0.09,0
0.0,0.04,0
0.0,0.01,1
0.0,0.12,0
0.0,0.2,0
0.0,0.0,0
0.0,0.11,0
0.0,0.09,0
0.0,0.07,0
0.0,0.01,0
1154.0,0.0,0
56.4,0.0,0
0.0,0.43,0
0.0,0.78,0
0.0,0.0,1
0.0,0.24,0
0.0,0.0,0
0.0,1.32,0
0.0,0.05,0
0.0,0.03,0
0.0,0.07,0
0.0,0.01,0
0.0,0.04,0
0.0,0.02,0
0.0,0.01,0
0.0,0.01,0
0.0,0.09,0
0.0,0.0,0
0.0,0.18,0
0.0,0.04,0
0.0,0.17,0
0.0,0.34,0
0.0,0.28,0
0.0,0.0,0
0.0,0.0,0
0.0,0.02,0
0.0,0.21,0
0.0,0.18,0
0.0,0.02,0
0.0,0.04,0
0.0,0.15,0
0.0,0.0,0
0.0,0.01,0
0.0,0.01,0
0.0,0.1,0
0.0,0.06,0
0.0,0.09,0
0.0,0.02,0
0.0,0.07,0
0.0,0.08,0
0.0,0.07,0
0.0,0.11,0
0.0,0.02,0
0.0,0.01,0
0.0,0.07,0
0.0,0.0,0
0.0,0.0,0
0.0,0.11,0
0.0,0.15,0
0.0,0.07,0
0.0,0.03,0
0.0,0.0,0
0.0,0.05,0
0.0,0.24,0
0.0,0.05,0
0.0,0.0,0
0.0,0.04,0
0.0,0.01,0
0.0,0.01,0
0.0,0.01,0
0.0,0.0,0
0.0,0.0,0
0.0,0.08,0
0.0,0.06,0
0.0,0.0,0
0.0,0.01,0
0.0,0.01,0
0.0,0.33,0
0.0,0.01,0
0.0,0.31,0
0.0,0.1,0
0.0,0.09,0
0.0,0.01,0
0.0,0.11,1
110.3,0.09,0
0.0,0.02,0
0.0,0.01,0
0.0,0.02,0
0.0,0.01,0
0.0,0.01,0
0.0,0.01,0
0.0,0.01,0
0.0,0.06,0
0.0,0.01,0
0.0,0.01,0
0.0,0.01,0
0.0,0.01,0
0.0,0.03,0
0.0,0.01,0
0.0,0.01,0
0.0,0.0,0
0.0,0.01,0
0.0,0.05,0
0.0,0.07,0
0.0,0.0,0
0.0,0.14,0
0.0,0.01,0
0.0,0.01,0
0.0,0.01,0
0.0,0.24,0
0.0,0.18,0
0.0,0.02,0
0.0,0.01,0
0.0,0.01,0
0.0,0.08,0
0.0,0.04,0
0.0,0.02,0
0.0,0.03,0
0.0,0.04,0
0.0,0.0,0
0.0,0.19,0
0.0,0.18,0
0.0,0.06,0
0.0,0.06,0
0.0,0.03,0
0.0,0.37,0
0.0,0.0,0
0.0,0.03,0
0.0,0.0,0
0.0,0.21,0
0.0,0.0,0
0.0,0.0,0
0.0,0.01,0
0.0,0.06,0
0.0,0.01,0
0.0,0.01,0
0.0,0.03,0
0.0,0.04,0
0.0,0.0,0
0.0,0.14,0
0.0,0.15,0
0.0,0.01,0
0.0,0.0,0
0.0,0.01,0
0.0,0.93,0
0.0,0.02,0
0.0,0.35,0
0.0,0.12,1
0.0,0.0,0
0.0,0.01,0
0.0,0.39,0
0.0,0.04,0
0.0,0.05,0
0.0,0.14,0
0.0,0.02,0
0.0,0.02,0
0.0,0.02,0
0.0,0.28,0
0.0,0.71,0
0.0,0.1,0
0.0,0.2,0
0.0,0.07,0
0.0,0.1,0
0.0,0.24,0
0.0,0.28,0
0.0,0.01,0
0.0,0.0,0
0.0,0.07,0
0.0,0.01,0
0.0,0.0,0
0.0,0.04,0
0.0,0.32,0
0.0,0.0,0
0.0,0.32,0
0.0,0.04,0
85.7,0.03,0
0.0,0.05,0
0.0,0.02,0
0.0,0.09,0
0.0,0.06,0
0.0,0.03,0
0.0,0.07,0
0.0,0.03,0
0.0,0.23,0
0.0,0.03,0
0.0,0.17,0
0.0,0.2,0
0.0,0.12,0
0.0,0.07,0
0.0,0.01,0
0.0,0.01,0
0.0,0.27,0
0.0,0.0,0
0.0,0.01,0
0.0,1.43,0
0.0,0.0,0
0.0,0.09,0
0.0,0.39,0
0.0,0.06,0
0.0,0.11,0
0.0,0.09,0
0.0,0.01,0
0.0,0.01,0
0.0,0.01,0
0.0,0.04,0
0.0,0.03,0
0.0,0.04,0
0.0,0.14,0
0.0,0.07,0
0.0,0.03,0
0.0,0.03,0
0.0,0.53,0
0.0,0.06,0
0.0,0.04,0
0.0,0.08,0
0.0,0.04,0
0.0,0.0,0
0.0,0.02,0
0.0,0.1,0
0.0,0.01,0
0.0,0.0,0
0.0,0.05,0
0.0,0.06,0
0.0,1.24,0
0.0,0.01,0
0.0,0.04,0
0.0,0.01,0
0.0,0.06,0
0.0,0.01,0
0.0,0.43,0
0.0,0.19,0
0.0,0.08,0
0.0,0.0,0
0.0,0.06,0
0.0,0.02,0
0.0,0.01,0
0.0,0.12,0
0.0,0.09,0
0.0,0.03,0
0.0,0.0,0
0.0,0.0,0
0.0,0.14,0
0.0,0.12,0
0.0,0.05,0
0.0,0.04,0
0.0,0.22,0
0.0,0.12,0
0.0,0.03,0
0.0,0.01,0
0.0,0.03,0
0.0,0.0,0
0.0,4.09,0
0.0,0.01,0
0.0,0.13,0
28.0,2.78,0
0.0,0.15,0
0.0,0.02,0
0.0,0.04,0
0.0,0.03,0
0.0,0.0,0
0.0,0.07,0
0.0,0.0,0
0.0,0.08,0
0.0,0.01,0
0.0,0.32,0
0.0,1.3,0
0.0,0.01,0
0.0,0.04,0
0.0,0.03,0
0.0,0.19,0
0.0,0.01,0
0.0,0.7,0
0.0,0.0,0
0.0,0.11,0
0.0,0.09,0
0.0,0.04,0
0.0,0.01,1
0.0,0.12,0
0.0,0.2,0
0.0,0.0,0
0.0,0.11,0
0.0,0.09,0
0.0,0.07,0
0.0,0.01,0
1134.8,0.0,0
0.0,0.0,0
0.0,0.43,0
0.0,0.77,0
0.0,0.0,1
0.0,0.29,0
0.0,0.0,0
0.0,1.63,0
0.0,0.05,0
0.0,0.03,0
0.0,0.07,0
0.0,0.01,0
0.0,0.04,0
0.0,0.02,0
0.0,0.01,0
0.0,0.01,0
0.0,0.09,0
0.0,0.0,0
0.0,0.18,0
0.0,0.04,0
0.0,0.17,0
0.0,0.34,0
0.0,0.29,0
0.0,0.0,0
0.0,0.0,0
0.0,0.02,0
0.0,0.21,0
0.0,0.2,0
0.0,0.03,0
0.0,0.04,0
0.0,0.16,0
0.0,0.0,0
0.0,0.01,0
0.0,0.01,0
0.0,0.11,0
0.0,0.07,0
0.0,0.1,0
0.0,0.03,0
0.0,0.07,0
0.0,0.08,0
0.0,0.07,0
0.0,0.11,0
0.0,0.03,0
0.0,0.01,0
0.0,0.09,0
0.0,0.0,0
0.0,0.0,0
0.0,0.11,0
0.0,0.15,0
0.0,0.08,0
0.0,0.03,0
0.0,0.0,0
0.0,0.05,0
0.0,0.24,0
0.0,0.09,0
0.0,0.0,0
0.0,0.04,0
0.0,0.01,0
0.0,0.01,0
0.0,0.02,0
0.0,0.0,0
0.0,0.0,0
0.0,0.1,0
0.0,0.06,0
0.0,0.0,0
0.0,0.01,0
0.0,0.01,0
0.0,0.33,0
0.0,0.01,0
0.0,0.51,0
0.0,0.1,0
0.0,0.09,0
0.0,0.01,0
0.0,0.12,1
0.0,0.1,0
0.0,0.02,0
0.0,0.01,0
0.0,0.02,0
0.0,0.01,0
0.0,0.01,0
0.0,0.01,0
0.0,0.01,0
0.0,0.06,0
0.0,0.01,0
0.0,0.12,0
0.0,0.01,0
0.0,0.01,0
0.0,0.03,0
0.0,0.01,0
0.0,0.03,0
0.0,0.0,0
0.0,0.01,0
0.0,0.05,0
0.0,0.08,0
0.0,0.0,0
0.0,0.41,0
0.0,0.01,0
0.0,0.01,0
0.0,0.01,0
0.0,0.33,0
0.0,0.18,0
0.0,0.02,0
0.0,0.01,0
0.0,0.01,0
0.0,0.08,0
0.0,0.04,0
0.0,0.02,0
0.0,0.03,0
0.0,0.04,0
0.0,0.0,0
0.0,0.2,0
0.0,0.09,0
0.0,0.06,0
0.0,0.03,0
0.0,0.0,0
0.0,0.03,0
0.0,0.0,0
0.0,0.23,0
0.0,0.06,0
0.0,0.0,0
0.0,0.01,0
0.0,0.18,0
0.0,0.01,0
0.0,0.01,0
0.0,0.03,0
0.0,0.14,0
0.0,0.0,0
0.0,0.15,0
0.0,0.16,0
0.0,0.01,0
0.0,0.0,0
0.0,0.01,0
0.0,1.46,0
0.0,0.02,0
0.0,0.36,0
0.0,0.12,1
0.0,0.0,0
0.0,0.01,0
0.0,0.39,0
0.0,0.05,0
0.0,0.05,0
0.0,0.14,0
0.0,0.02,0
0.0,0.05,0
0.0,0.02,0
0.0,0.29,0
0.0,0.76,0
0.0,0.1,0
0.0,0.2,0
0.0,0.07,0
0.0,0.11,0
0.0,0.3,0
0.0,0.32,0
0.0,0.01,0
0.0,0.0,0
0.0,0.08,0
0.0,0.01,0
0.0,0.0,0
0.0,0.04,0
0.0,0.28,0
0.0,0.0,0
0.0,0.32,0
0.0,0.04,0
83.4,0.03,0
0.0,0.05,0
0.0,0.02,0
0.0,0.09,0
0.0,0.09,0
0.0,0.03,0
0.0,0.07,0
0.0,0.03,0
0.0,0.23,0
0.0,0.03,0
0.0,0.17,0
0.0,0.21,0
0.0,0.16,0
0.0,0.08,0
0.0,0.01,0
0.0,0.01,0
0.0,0.35,0
0.0,0.0,0
0.0,0.01,0
0.0,1.47,0
0.0,0.0,0
0.0,0.1,0
0.0,0.42,0
0.0,0.06,0
0.0,0.11,0
0.0,0.09,0
0.0,0.01,0
0.0,0.01,0
0.0,0.01,0
0.0,0.04,0
0.0,0.04,0
0.0,0.04,0
0.0,0.14,0
0.0,0.07,0
0.0,0.03,0
0.0,0.03,0
0.0,0.54,0
0.0,0.06,0
0.0,0.04,0
0.0,0.08,0
0.0,0.04,0
0.0,0.0,0
0.0,0.02,0
0.0,0.11,0
0.0,0.01,0
0.0,0.0,0
0.0,0.06,0
0.0,1.41,0
0.0,0.01,0
0.0,0.04,0
0.0,0.01,0
0.0,0.06,0
0.0,0.01,0
0.0,0.44,0
0.0,0.19,0
0.0,0.08,0
0.0,0.0,0
0.0,0.06,0
0.0,0.02,0
0.0,0.01,0
0.0,0.12,0
0.0,0.16,0
0.0,0.03,0
0.0,0.0,0
0.0,0.0,0
0.0,0.24,0
0.0,0.12,0
0.0,0.05,0
0.0,0.04,0
0.0,0.67,0
0.0,0.12,0
0.0,0.03,0
0.0,0.01,0
0.0,0.03,0
0.0,0.0,0
0.0,4.13,0
0.0,0.04,0
0.0,0.13,0
56.1,2.9,0
0.0,0.02,0
0.0,0.04,0
0.0,0.03,0
0.0,0.0,0
0.0,0.07,0
0.0,0.0,0
0.0,0.08,0
0.0,0.01,0
0.0,0.32,0
0.0,1.28,0
0.0,0.01,0
0.0,0.05,0
0.0,0.03,0
0.0,0.19,0
0.0,0.01,0
0.0,0.71,0
0.0,0.0,0
0.0,0.11,0
0.0,0.09,0
0.0,0.04,0
0.0,0.01,1
0.0,0.13,0
0.0,0.24,0
0.0,0.0,0
0.0,0.11,0
0.0,0.09,0
0.0,0.07,0
0.0,0.01,0
960.7,0.0,0
27.7,0.0,0
0.0,0.43,0
0.0,0.77,0
0.0,0.0,1
0.0,0.3,0
0.0,0.0,0
0.0,1.64,0
0.0,0.05,0
0.0,0.03,0
0.0,0.07,0
0.0,0.01,0
0.0,0.04,0
0.0,0.06,0
0.0,0.01,0
0.0,0.01,0
0.0,0.09,0
0.0,0.0,0
0.0,0.18,0
0.0,0.04,0
0.0,0.17,0
0.0,0.34,0
0.0,0.29,0
0.0,0.0,0
0.0,0.0,0
0.0,0.02,0
0.0,0.21,0
0.0,0.19,0
0.0,0.04,0
0.0,0.04,0
0.0,0.16,0
0.0,0.0,0
0.0,0.01,0
0.0,0.01,0
0.0,0.11,0
0.0,0.07,0
0.0,0.1,0
0.0,0.03,0
0.0,0.07,0
0.0,0.08,0
0.0,0.07,0
0.0,0.11,0
0.0,0.03,0
0.0,0.01,0
0.0,0.09,0
0.0,0.0,0
0.0,0.0,0
0.0,0.12,0
0.0,0.15,0
0.0,0.07,0
0.0,0.03,0
0.0,0.0,0
0.0,0.05,0
0.0,0.29,0
0.0,0.09,0
0.0,0.0,0
0.0,0.04,0
0.0,0.01,0
0.0,0.01,0
0.0,0.03,0
0.0,0.0,0
0.0,0.0,0
0.0,0.11,0
0.0,0.06,0
0.0,0.0,0
0.0,0.01,0
0.0,0.01,0
0.0,0.34,0
0.0,0.01,0
0.0,0.49,0
0.0,0.11,0
0.0,0.09,0
0.0,0.01,0
0.0,0.12,1
0.0,0.1,0
0.0,0.02,0
0.0,0.01,0
0.0,0.02,0
0.0,0.01,0
0.0,0.01,0
0.0,0.01,0
0.0,0.01,0
0.0,0.06,0
0.0,0.01,0
0.0,0.14,0
0.0,0.01,0
0.0,0.01,0
0.0,0.03,0
0.0,0.01,0
0.0,0.03,0
0.0,0.0,0
0.0,0.01,0
0.0,0.05,0
0.0,0.09,0
0.0,0.0,0
0.0,0.41,0
0.0,0.01,0
0.0,0.01,0
0.0,0.01,0
0.0,0.34,0
0.0,0.18,0
0.0,0.02,0
0.0,0.01,0
0.0,0.01,0
0.0,0.08,0
0.0,0.04,0
0.0,0.02,0
0.0,0.03,0
0.0,0.04,0
0.0,0.0,0
0.0,0.2,0
0.0,0.09,0
0.0,0.06,0
0.0,0.03,0
0.0,0.0,0
0.0,0.03,0
0.0,0.0,0
0.0,0.23,0
0.0,0.06,0
0.0,0.0,0
0.0,0.01,0
0.0,0.19,0
0.0,0.01,0
0.0,0.01,0
0.0,0.03,0
0.0,0.14,0
0.0,0.0,0
0.0,0.16,0
0.0,0.16,0
0.0,0.01,0
0.0,0.0,0
0.0,0.01,0
0.0,1.53,0
0.0,0.02,0
0.0,0.42,0
0.0,0.14,1
0.0,0.0,0
0.0,0.01,0
0.0,0.4,0
0.0,0.05,0
0.0,0.05,0
0.0,0.15,0
0.0,0.02,0
0.0,0.05,0
0.0,0.02,0
0.0,0.29,0
0.0,0.75,0
0.0,0.1,0
0.0,0.34,0
0.0,0.07,0
0.0,0.11,0
0.0,0.3,0
0.0,0.32,0
0.0,0.01,0
0.0,0.0,0
0.0,0.08,0
0.0,0.01,0
0.0,0.0,0
0.0,0.04,0
0.0,0.28,0
0.0,0.0,0
0.0,0.32,0
0.0,0.04,0
112.5,0.03,0
0.0,0.05,0
0.0,0.02,0
0.0,0.09,0
0.0,0.09,0
0.0,0.03,0
0.0,0.07,0
0.0,0.03,0
0.0,0.23,0
0.0,0.03,0
0.0,0.17,0
0.0,0.21,0
0.0,0.17,0
0.0,0.08,0
0.0,0.01,0
0.0,0.01,0
0.0,0.35,0
0.0,0.0,0
0.0,0.01,0
0.0,1.48,0
0.0,0.0,0
0.0,0.1,0
0.0,0.42,0
0.0,0.06,0
0.0,0.11,0
0.0,0.09,0
0.0,0.01,0
0.0,0.01,0
0.0,0.01,0
0.0,0.04,0
0.0,0.04,0
0.0,0.04,0
0.0,0.14,0
0.0,0.07,0
0.0,0.03,0
0.0,0.05,0
0.0,0.54,0
0.0,0.06,0
0.0,0.04,0
0.0,0.08,0
0.0,0.04,0
0.0,0.0,0
0.0,0.02,0
0.0,0.11,0
0.0,0.01,0
0.0,0.0,0
0.0,0.06,0
0.0,1.24,0
0.0,0.01,0
0.0,0.04,0
0.0,0.01,0
0.0,0.06,0
0.0,0.01,0
0.0,0.44,0
0.0,0.19,0
0.0,0.08,0
0.0,0.0,0
0.0,0.06,0
0.0,0.02,0
0.0,0.01,0
0.0,0.12,0
0.0,0.16,0
0.0,0.03,0
0.0,0.0,0
0.0,0.0,0
0.0,0.24,0
0.0,0.12,0
0.0,0.05,0
0.0,0.04,0
0.0,0.67,0
0.0,0.12,0
0.0,0.03,0
0.0,0.01,0
0.0,0.04,0
0.0,0.0,0
0.0,4.16,0
0.0,0.03,0
0.0,0.13,0
57.7,2.83,0
0.0,0.06,0
0.0,0.04,0
0.0,0.03,0
0.0,0.0,0
0.0,0.07,0
0.0,0.0,0
0.0,0.08,0
0.0,0.01,0
0.0,0.32,0
0.0,1.28,0
0.0,0.01,0
0.0,0.1,0
0.0,0.03,0
0.0,0.19,0
0.0,0.01,0
0.0,0.71,0
0.0,0.0,0
0.0,0.11,0
0.0,0.09,0
0.0,0.04,0
0.0,0.03,1
0.0,0.12,0
0.0,0.24,0
0.0,0.0,0
0.0,0.11,0
0.0,0.09,0
0.0,0.07,0
0.0,0.01,0
1134.8,0.0,0
0.0,0.0,0
0.0,0.43,0
0.0,0.77,0
0.0,0.0,1
0.0,0.3,0
0.0,0.0,0
0.0,1.64,0
0.0,0.08,0
0.0,0.03,0
0.0,0.07,0
0.0,0.01,0
0.0,0.04,0
0.0,0.7,0
0.0,0.01,0
0.0,0.01,0
0.0,0.09,0
0.0,0.0,0
0.0,0.18,0
0.0,0.04,0
0.0,0.17,0
0.0,0.35,0
0.0,0.29,0
0.0,0.0,0
0.0,0.0,0
0.0,0.02,0
0.0,0.21,0
0.0,0.19,0
0.0,0.04,0
0.0,0.04,0
0.0,0.16,0
0.0,0.0,0
0.0,0.01,0
0.0,0.01,0
0.0,0.11,0
0.0,0.07,0
0.0,0.1,0
0.0,0.03,0
0.0,0.07,0
0.0,0.08,0
0.0,0.07,0
28.0,0.11,0
0.0,0.03,0
0.0,0.01,0
0.0,0.09,0
0.0,0.0,0
0.0,0.0,0
0.0,0.12,0
0.0,0.15,0
0.0,0.08,0
0.0,0.05,0
0.0,0.0,0
0.0,0.05,0
0.0,0.29,0
0.0,0.09,0
0.0,0.0,0
0.0,0.04,0
0.0,0.01,0
0.0,0.01,0
0.0,0.03,0
0.0,0.0,0
0.0,0.0,0
0.0,0.11,0
0.0,0.06,0
0.0,0.0,0
0.0,0.01,0
0.0,0.01,0
0.0,0.34,0
0.0,0.01,0
0.0,0.49,0
0.0,0.11,0
0.0,0.09,0
0.0,0.01,0
0.0,0.12,1
0.0,0.09,0
0.0,0.02,0
0.0,0.01,0
0.0,0.02,0
0.0,0.01,0
0.0,0.01,0
0.0,0.01,0
0.0,0.01,0
0.0,0.06,0
0.0,0.01,0
0.0,0.14,0
0.0,0.01,0
0.0,0.01,0
0.0,0.03,0
0.0,0.01,0
0.0,0.03,0
0.0,0.0,0
0.0,0.01,0
0.0,0.05,0
0.0,0.09,0
0.0,0.0,0
0.0,0.41,0
0.0,0.01,0
0.0,0.01,0
0.0,0.01,0
0.0,0.34,0
0.0,0.18,0
0.0,0.02,0
0.0,0.01,0
0.0,0.01,0
0.0,0.08,0
0.0,0.04,0
0.0,0.03,0
0.0,0.03,0
0.0,0.04,0
0.0,0.0,0
0.0,0.2,0
0.0,0.09,0
0.0,0.06,0
0.0,0.03,0
0.0,0.0,0
0.0,0.03,0
0.0,0.01,0
0.0,0.22,0
0.0,0.06,0
0.0,0.0,0
0.0,0.01,0
0.0,0.19,0
0.0,0.01,0
0.0,0.01,0
0.0,0.03,0
0.0,0.14,0
0.0,0.0,0
0.0,0.16,0
0.0,0.16,0
0.0,0.01,0
0.0,0.0,0
0.0,0.01,0
0.0,1.54,0
0.0,0.02,0
0.0,0.36,0
0.0,0.15,1
0.0,0.0,0
0.0,0.01,0
0.0,0.4,0
0.0,0.05,0
0.0,0.05,0
0.0,0.15,0
0.0,0.02,0
0.0,0.05,0
0.0,0.02,0
0.0,0.29,0
0.0,0.75,0
0.0,0.1,0
0.0,0.34,0
0.0,0.08,0
0.0,0.12,0
0.0,0.31,0
0.0,0.32,0
0.0,0.01,0
0.0,0.0,0
0.0,0.08,0
0.0,0.01,0
0.0,0.0,0
0.0,0.04,0
0.0,0.28,0
0.0,0.0,0
0.0,0.32,0
0.0,0.04,0
0.0,0.03,0
0.0,0.05,0
0.0,0.02,0
0.0,0.09,0
0.0,0.09,0
0.0,0.03,0
0.0,0.07,0
0.0,0.03,0
0.0,0.23,0
0.0,0.03,0
82.8,0.18,0
0.0,0.21,0
0.0,0.17,0
0.0,0.08,0
0.0,0.01,0
0.0,0.01,0
0.0,0.39,0
0.0,0.0,0
0.0,0.01,0
0.0,1.5,0
0.0,0.0,0
0.0,0.1,0
0.0,0.42,0
0.0,0.06,0
0.0,0.11,0
0.0,0.09,0
0.0,0.01,0
0.0,0.01,0
0.0,0.01,0
0.0,0.04,0
0.0,0.04,0
0.0,0.04,0
0.0,0.14,0
0.0,0.07,0
0.0,0.03,0
0.0,0.05,0
0.0,0.54,0
0.0,0.06,0
0.0,0.04,0
0.0,0.08,0
0.0,0.04,0
0.0,0.0,0
0.0,0.02,0
0.0,0.11,0
0.0,0.01,0
0.0,0.0,0
0.0,0.06,0
0.0,1.35,0
0.0,0.02,0
0.0,0.04,0
0.0,0.01,0
0.0,0.06,0
0.0,0.01,0
0.0,0.44,0
0.0,0.19,0
0.0,0.08,0
0.0,0.0,0
0.0,0.06,0
0.0,0.02,0
0.0,0.01,0
0.0,0.12,0
0.0,0.16,0
0.0,0.03,0
0.0,0.0,0
0.0,0.0,0
0.0,0.24,0
0.0,0.19,0
0.0,0.05,0
0.0,0.04,0
0.0,0.67,0
0.0,0.12,0
0.0,0.03,0
0.0,0.01,0
0.0,0.04,0
0.0,0.0,0
30.9,4.19,0
0.0,0.03,0
0.0,0.13,0
28.1,2.9,0
0.0,0.06,0
0.0,0.04,0
0.0,0.08,0
0.0,0.0,0
0.0,0.07,0
0.0,0.0,0
0.0,0.08,0
0.0,0.01,0
0.0,0.33,0
0.0,1.29,0
0.0,0.01,0
0.0,0.1,0
0.0,0.03,0
0.0,0.19,0
0.0,0.01,0
0.0,0.71,0
0.0,0.0,0
0.0,0.11,0
0.0,0.1,0
0.0,0.04,0
0.0,0.03,1
0.0,0.13,0
0.0,0.24,0
0.0,0.0,0
0.0,0.11,0
0.0,0.09,0
0.0,0.07,0
0.0,0.01,0
706.6,0.0,0
28.3,0.0,0
0.0,0.43,0
0.0,0.78,0
0.0,0.0,1
0.0,0.3,0
0.0,0.0,0
0.0,1.66,0
0.0,0.08,0
0.0,0.03,0
0.0,0.07,0
0.0,0.01,0
0.0,0.04,0
0.0,0.65,0
0.0,0.02,0
0.0,0.01,0
0.0,0.09,0
0.0,0.0,0
0.0,0.18,0
0.0,0.04,0
0.0,0.17,0
0.0,0.35,0
0.0,0.29,0
0.0,0.0,0
0.0,0.0,0
0.0,0.02,0
0.0,0.21,0
0.0,0.19,0
0.0,0.04,0
0.0,0.04,0
28.1,0.16,0
0.0,0.01,0
0.0,0.01,0
0.0,0.02,0
0.0,0.11,0
0.0,0.07,0
0.0,0.12,0
0.0,0.03,0
0.0,0.07,0
0.0,0.08,0
0.0,0.08,0
0.0,0.11,0
0.0,0.03,0
0.0,0.02,0
0.0,0.09,0
0.0,0.0,0
0.0,0.0,0
0.0,0.12,0
0.0,0.19,0
0.0,0.08,0
0.0,0.05,0
0.0,0.0,0
0.0,0.05,0
0.0,0.29,0
0.0,0.09,0
0.0,0.0,0
0.0,0.05,0
0.0,0.01,0
0.0,0.02,0
0.0,0.03,0
0.0,0.0,0
0.0,0.0,0
0.0,0.12,0
0.0,0.06,0
0.0,0.0,0
0.0,0.01,0
0.0,0.02,0
0.0,0.34,0
0.0,0.02,0
0.0,0.49,0
0.0,0.11,0
0.0,0.09,0
0.0,0.02,0
0.0,0.12,1
0.0,0.1,0
0.0,0.02,0
0.0,0.02,0
0.0,0.02,0
0.0,0.01,0
0.0,0.02,0
0.0,0.02,0
0.0,0.03,0
0.0,0.06,0
0.0,0.01,0
0.0,0.14,0
0.0,0.02,0
0.0,0.01,0
0.0,0.03,0
0.0,0.03,0
0.0,0.03,0
0.0,0.0,0
0.0,0.01,0
0.0,0.05,0
0.0,0.09,0
0.0,0.0,0
0.0,0.41,0
0.0,0.01,0
0.0,0.01,0
0.0,0.01,0
0.0,0.35,0
0.0,0.19,0
0.0,0.02,0
0.0,0.02,0
0.0,0.01,0
0.0,0.08,0
0.0,0.04,0
0.0,0.03,0
0.0,0.03,0
0.0,0.04,0
0.0,0.0,0
0.0,0.21,0
0.0,0.11,0
0.0,0.06,0
0.0,0.03,0
0.0,0.0,0
0.0,0.03,0
0.0,0.01,0
0.0,0.22,0
0.0,0.06,0
0.0,0.0,0
0.0,0.02,0
0.0,0.19,0
0.0,0.02,0
0.0,0.02,0
0.0,0.03,0
0.0,0.14,0
0.0,0.14,0
0.0,0.0,0
0.0,0.16,0
0.0,0.16,0
0.0,0.02,0
0.0,0.0,0
0.0,0.02,0
0.0,1.58,0
0.0,0.02,0
82.9,0.48,0
0.0,0.15,1
0.0,0.0,0
0.0,0.01,0
0.0,0.41,0
0.0,0.05,0
0.0,0.05,0
0.0,0.15,0
0.0,0.02,0
0.0,0.05,0
0.0,0.02,0
0.0,0.29,0
0.0,0.75,0
0.0,0.1,0
0.0,0.34,0
0.0,0.08,0
0.0,0.12,0
0.0,0.31,0
0.0,0.33,0
0.0,0.01,0
0.0,0.0,0
0.0,0.08,0
0.0,0.21,0
0.0,0.01,0
0.0,0.0,0
0.0,0.04,0
0.0,0.28,0
0.0,0.0,0
0.0,0.34,0
0.0,0.04,0
27.3,0.03,0
0.0,0.08,0
0.0,0.02,0
0.0,0.12,0
0.0,0.09,0
0.0,0.03,0
0.0,0.07,0
0.0,0.03,0
0.0,0.23,0
0.0,0.03,0
0.0,0.18,0
0.0,0.22,0
0.0,0.19,0
0.0,0.08,0
0.0,0.01,0
0.0,0.01,0
0.0,0.39,0
0.0,0.0,0
0.0,0.01,0
0.0,1.5,0
0.0,0.05,0
0.0,0.14,0
0.0,0.42,0
0.0,0.06,0
0.0,0.11,0
0.0,0.09,0
0.0,0.01,0
0.0,0.02,0
0.0,0.01,0
0.0,0.04,0
0.0,0.04,0
0.0,0.04,0
0.0,0.14,0
0.0,0.07,0
0.0,0.03,0
0.0,0.05,0
0.0,0.57,0
0.0,0.06,0
0.0,0.04,0
0.0,0.08,0
0.0,0.04,0
0.0,0.0,0
0.0,0.02,0
0.0,0.11,0
0.0,0.01,0
0.0,0.0,0
0.0,0.06,0
0.0,1.29,0
0.0,0.02,0
0.0,0.09,0
0.0,0.01,0
0.0,0.06,0
0.0,0.06,0
0.0,0.44,0
0.0,0.19,0
0.0,0.08,0
0.0,0.0,0
0.0,0.06,0
0.0,0.02,0
0.0,0.01,0
0.0,0.12,0
0.0,0.18,0
0.0,0.03,0
0.0,0.0,0
0.0,0.0,0
0.0,0.26,0
0.0,0.2,0
0.0,0.05,0
0.0,0.04,0
0.0,0.67,0
0.0,0.12,0
0.0,0.03,0
0.0,0.01,0
0.0,0.04,0
0.0,0.0,0
0.0,4.43,0
0.0,0.03,0
0.0,0.13,0
81.9,3.55,0
0.0,0.09,0
0.0,0.04,0
0.0,0.08,0
0.0,0.0,0
0.0,0.07,0
0.0,0.0,0
0.0,0.08,0
0.0,0.01,0
0.0,0.34,0
109.6,1.39,0
0.0,0.01,0
0.0,0.1,0
0.0,0.03,0
0.0,0.2,0
0.0,0.01,0
0.0,0.73,0
0.0,0.0,0
0.0,0.11,0
0.0,0.1,0
0.0,0.04,0
0.0,0.03,1
0.0,0.15,0
0.0,0.24,0
0.0,0.01,0
0.0,0.12,0
0.0,0.09,0
0.0,0.07,0
0.0,0.01,0
1219.6,0.0,0
0.0,0.0,0
0.0,0.43,0
0.0,0.81,0
0.0,0.0,1
0.0,0.3,0
0.0,0.0,0
0.0,1.68,0
0.0,0.08,0
0.0,0.03,0
0.0,0.07,0
0.0,0.01,0
0.0,0.04,0
0.0,0.65,0
0.0,0.02,0
0.0,0.01,0
0.0,0.09,0
0.0,0.0,0
0.0,0.18,0
0.0,0.04,0
0.0,0.17,0
0.0,0.35,0
0.0,0.3,0
0.0,0.0,0
0.0,0.0,0
0.0,0.02,0
0.0,0.22,0
0.0,0.19,0
0.0,0.04,0
0.0,0.05,0
0.0,0.16,0
0.0,0.01,0
0.0,0.01,0
0.0,0.02,0
0.0,0.11,0
0.0,0.07,0
0.0,0.13,0
0.0,0.03,0
0.0,0.08,0
0.0,0.08,0
0.0,0.09,0
0.0,0.13,0
0.0,0.06,0
0.0,0.02,0
0.0,0.09,0
0.0,0.0,0
0.0,0.0,0
0.0,0.14,0
0.0,0.2,0
0.0,0.08,0
0.0,0.05,0
0.0,0.0,0
0.0,0.05,0
0.0,0.29,0
0.0,0.09,0
0.0,0.0,0
0.0,0.05,0
0.0,0.01,0
0.0,0.02,0
0.0,0.03,0
0.0,0.0,0
0.0,0.0,0
0.0,0.13,0
0.0,0.06,0
0.0,0.0,0
0.0,0.01,0
0.0,0.02,0
0.0,0.33,0
0.0,0.02,0
0.0,0.51,0
0.0,0.11,0
0.0,0.1,0
0.0,0.02,0
0.0,0.13,1
0.0,0.1,0
0.0,0.02,0
0.0,0.02,0
0.0,0.14,0
0.0,0.03,0
0.0,0.01,0
0.0,0.02,0
0.0,0.02,0
0.0,0.03,0
0.0,0.09,0
0.0,0.01,0
0.0,0.15,0
0.0,0.02,0
0.0,0.01,0
0.0,0.04,0
0.0,0.03,0
0.0,0.03,0
0.0,0.02,0
0.0,0.01,0
0.0,0.07,0
0.0,0.09,0
0.0,0.0,0
0.0,0.41,0
0.0,0.01,0
0.0,0.01,0
0.0,0.01,0
0.0,0.36,0
0.0,0.19,0
0.0,0.02,0
0.0,0.02,0
0.0,0.01,0
0.0,0.08,0
0.0,0.04,0
0.0,0.03,0
0.0,0.03,0
0.0,0.04,0
0.0,0.0,0
0.0,0.2,0
0.0,0.11,0
0.0,0.06,0
0.0,0.03,0
0.0,0.0,0
0.0,0.03,0
0.0,0.01,0
0.0,0.23,0
0.0,0.07,0
0.0,0.0,0
0.0,0.02,0
0.0,0.2,0
0.0,0.02,0
0.0,0.02,0
0.0,0.03,0
0.0,0.14,0
0.0,0.14,0
0.0,0.0,0
0.0,0.16,0
0.0,0.17,0
0.0,0.02,0
0.0,0.0,0
0.0,0.02,0
246.7,2.21,0
0.0,0.02,0
0.0,0.42,0
0.0,0.15,1
0.0,0.0,0
0.0,0.01,0
0.0,0.41,0
0.0,0.05,0
0.0,0.05,0
0.0,0.15,0
0.0,0.02,0
0.0,0.06,0
0.0,0.02,0
0.0,0.28,0
0.0,0.75,0
0.0,0.1,0
0.0,0.34,0
0.0,0.08,0
0.0,0.12,0
0.0,0.32,0
0.0,0.33,0
0.0,0.01,0
0.0,0.0,0
0.0,0.08,0
0.0,0.01,0
0.0,0.0,0
0.0,0.04,0
0.0,0.26,0
0.0,0.0,0
0.0,0.37,0
0.0,0.04,0
82.9,0.03,0
0.0,0.08,0
0.0,0.02,0
0.0,0.13,0
0.0,0.09,0
0.0,0.03,0
0.0,0.07,0
0.0,0.03,0
0.0,0.23,0
0.0,0.03,0
0.0,0.18,0
0.0,0.22,0
0.0,0.19,0
0.0,0.08,0
0.0,0.02,0
0.0,0.01,0
0.0,0.39,0
0.0,0.0,0
0.0,0.01,0
0.0,1.5,0
0.0,0.05,0
0.0,0.14,0
0.0,0.43,0
0.0,0.06,0
0.0,0.11,0
0.0,0.09,0
0.0,0.01,0
0.0,0.02,0
0.0,0.01,0
0.0,0.04,0
0.0,0.04,0
0.0,0.04,0
0.0,0.14,0
0.0,0.07,0
0.0,0.03,0
0.0,0.05,0
0.0,0.58,0
0.0,0.06,0
0.0,0.04,0
0.0,0.08,0
0.0,0.04,0
0.0,0.0,0
0.0,0.02,0
0.0,0.11,0
0.0,0.01,0
0.0,0.0,0
0.0,0.06,0
0.0,1.23,0
0.0,0.02,0
0.0,0.13,0
0.0,0.01,0
0.0,0.06,0
0.0,0.06,0
0.0,0.44,0
0.0,0.2,0
0.0,0.08,0
0.0,0.0,0
0.0,0.06,0
0.0,0.02,0
0.0,0.01,0
0.0,0.12,0
0.0,0.18,0
0.0,0.03,0
0.0,0.0,0
0.0,0.0,0
0.0,0.17,0
0.0,0.12,0
0.0,0.26,0
0.0,0.22,0
0.0,0.06,0
0.0,0.04,0
0.0,0.68,0
0.0,0.12,0
0.0,0.03,0
0.0,0.01,0
0.0,0.04,0
0.0,0.0,0
31.0,4.49,0
0.0,0.04,0
0.0,0.13,0
141.6,3.19,0
0.0,0.09,0
0.0,0.04,0
0.0,0.08,0
0.0,0.0,0
0.0,0.07,0
0.0,0.0,0
0.0,0.08,0
0.0,0.01,0
0.0,0.34,0
0.0,1.24,0
0.0,0.01,0
0.0,0.1,0
0.0,0.03,0
0.0,0.2,0
0.0,0.01,0
0.0,0.74,0
0.0,0.12,0
0.0,0.0,0
0.0,0.13,0
0.0,0.1,0
0.0,0.14,0
0.0,0.04,0
0.0,0.05,1
0.0,0.15,0
0.0,0.24,0
0.0,0.01,0
0.0,0.11,0
0.0,0.09,0
0.0,0.07,0
0.0,0.01,0
